filename,dim1,dim2,dim3
A_1019.wav,8.806847,7.8649745,-3.6867962
A_239.wav,2.244459,-9.016553,-3.0456424
A_748.wav,8.224354,8.291854,-4.2379107
A_530.wav,0.27919412,13.747222,-0.5143788
A_1385.wav,6.5439515,7.1407275,-1.268021
A_100.wav,6.350834,-1.6831475,-7.348477
A_385.wav,-1.8902831,-10.495517,2.0196745
A_1156.wav,-8.455516,-9.71007,-0.16416316
A_877.wav,9.780004,1.8381903,-2.1159284
A_697.wav,11.868487,-0.5531068,-3.9780738
A_143.wav,-13.724554,-2.207073,1.8897207
A_1180.wav,-5.9328785,-11.381839,-0.28283143
A_1508.wav,-1.5228496,9.487676,5.966581
A_1265.wav,4.613289,-10.79456,-4.3802724
A_421.wav,2.6953697,-0.7935488,-5.2952733
A_678.wav,5.528716,-12.103034,-3.957787
A_1335.wav,1.5457642,11.316577,3.109587
A_1187.wav,1.7848998,-12.663217,0.17616315
A_852.wav,6.3091335,10.063051,-3.6970677
A_821.wav,5.263634,5.225747,3.740101
A_231.wav,-9.59057,-2.1333907,-0.08536537
A_251.wav,-5.8628373,12.487806,4.7566905
A_866.wav,10.321244,2.5802114,-2.496549
A_343.wav,-13.773909,1.3387754,1.3983164
A_1195.wav,1.2579656,10.717805,-0.96258366
A_888.wav,7.2754054,-11.499538,-4.407208
A_1257.wav,6.059173,-11.114786,-5.284844
A_1430.wav,4.535394,5.0069385,3.8318655
A_1418.wav,-0.36765987,11.858107,1.3708534
A_1408.wav,2.69191,13.968239,-1.5863258
A_835.wav,-4.8370996,-1.873483,1.5268412
A_1236.wav,8.864196,7.454294,-1.5010359
A_255.wav,-2.6364996,10.065214,6.4300284
A_1514.wav,2.0213788,-9.36742,-2.495584
A_988.wav,4.994594,8.379989,1.6108379
A_624.wav,13.788092,-1.6900764,-4.4839005
A_341.wav,2.3083928,-7.231871,-1.6438015
A_1200.wav,-7.4065084,-9.271606,2.5437844
A_157.wav,0.5087892,-10.544098,-3.5052805
A_1018.wav,1.1047174,6.313629,3.0915568
A_977.wav,1.7156034,6.9645724,4.2017307
A_1240.wav,8.546563,8.545732,-3.5976274
A_486.wav,2.592632,-6.086003,-4.7220345
A_1128.wav,-12.990114,-6.985296,3.3784268
A_874.wav,7.7642255,9.110514,-3.620993
A_1529.wav,2.839515,-7.6480193,-5.004086
A_639.wav,12.734826,2.9936893,-3.182893
A_1324.wav,-5.280473,6.1287003,10.03347
A_940.wav,3.104229,10.254254,-0.7464676
A_1054.wav,-2.1936567,11.683407,2.347008
A_724.wav,12.112441,2.9612412,-2.8964198
A_1365.wav,-7.8389344,-0.14562236,-0.16394909
A_1235.wav,7.6165037,-6.846487,-6.9742074
A_1502.wav,11.298967,5.9281683,-1.8777076
A_395.wav,-5.03432,-2.9521482,-0.873769
A_522.wav,10.274269,5.400137,0.9818136
A_222.wav,-15.499679,0.17420974,1.4600792
A_1329.wav,-5.376302,-6.5918417,2.677744
A_1076.wav,1.4180678,12.082221,2.372873
A_1267.wav,2.5502772,13.920251,-3.072633
A_1727.wav,-10.044687,-3.0220358,1.1488534
A_1399.wav,7.23537,-10.370099,-4.620703
A_1507.wav,-7.507452,-4.513633,1.9849842
A_1370.wav,-5.3399463,10.508893,7.711262
A_1625.wav,11.905151,7.0684166,-2.6981635
A_1572.wav,10.489402,3.8938923,-0.37842402
A_601.wav,10.318699,-2.8372858,-5.5379887
A_1415.wav,9.697595,3.0601864,-0.24273776
A_611.wav,10.01144,9.18342,-1.574584
A_1366.wav,-2.3718286,13.152919,3.5396242
A_867.wav,1.8136566,9.744124,1.553329
A_214.wav,-10.6313095,0.37996745,1.7345498
A_870.wav,12.606762,4.7075577,-2.2483811
A_261.wav,-8.172998,-6.802779,0.15398511
A_193.wav,2.5995345,-7.480334,-5.546866
A_263.wav,-5.594585,-5.6051426,-2.115948
A_8.wav,-4.55123,-9.701941,3.0583248
A_50.wav,5.846084,0.5637737,-5.186601
A_490.wav,-5.382608,-6.1442633,1.088769
A_129.wav,2.0253215,-1.0498219,-4.61009
A_1088.wav,11.387538,-1.6253866,-3.2187278
A_269.wav,-0.03704266,-9.461415,-0.15024714
A_220.wav,1.8465042,-13.280537,-2.4924707
A_1640.wav,-1.6336689,7.732518,8.338296
A_953.wav,0.5004303,-3.1459804,-2.1573615
A_1297.wav,-4.8543324,14.035443,1.7071248
A_1044.wav,7.776863,9.0978365,-2.8961022
A_1639.wav,7.2723546,-5.0719914,-6.995008
A_1487.wav,10.555979,-3.659299,-5.4240136
A_9.wav,2.7008314,-6.964659,-6.2362022
A_1596.wav,3.3963518,10.807038,2.953469
A_1466.wav,6.5425878,-1.5964264,-6.9536777
A_1124.wav,-9.884867,-8.537269,1.7799542
A_489.wav,-3.3766952,-10.715966,1.7634702
A_1607.wav,-9.829544,-2.484923,0.72176445
A_445.wav,1.4133972,8.442895,4.2660117
A_325.wav,-5.4205155,-6.062537,0.9768761
A_653.wav,1.3052834,6.9253125,4.17572
A_194.wav,-4.313393,-9.734921,3.2207036
A_1746.wav,6.802659,-2.631034,-6.231164
A_501.wav,1.0203682,-12.606124,-0.62056696
A_652.wav,1.5118127,6.4381533,4.510187
A_1034.wav,6.343931,7.0882626,-0.6760114
A_780.wav,-1.288385,14.260364,0.18867874
A_356.wav,-10.445366,-1.239978,1.9555343
A_1344.wav,3.966434,-5.3613367,-5.1726265
A_1688.wav,-7.2867794,-7.236917,0.83835196
A_292.wav,0.80720186,-4.5393972,-1.8366034
A_392.wav,-15.461291,0.24792951,1.3607885
A_377.wav,0.5988704,-1.7161683,-2.6725426
A_429.wav,-9.738597,-8.053833,1.7805387
A_1135.wav,-6.7038045,-9.635237,0.9913878
A_807.wav,-5.225877,10.450477,6.8321605
A_1179.wav,-15.452496,-4.7288322,3.135735
A_1685.wav,-4.587418,11.226007,5.182332
A_1517.wav,-1.4877032,13.932468,-0.6747749
A_648.wav,2.5590878,9.403009,1.3182493
A_893.wav,-2.31581,6.1120777,7.9162207
A_504.wav,2.0889688,-13.678586,-0.38516086
A_904.wav,-5.3649077,12.41762,4.294849
A_114.wav,-8.321345,-6.5994873,-0.03332428
A_680.wav,5.415059,9.08992,-2.3089666
A_432.wav,-2.9589381,-11.013098,1.7869481
A_635.wav,1.1754625,10.453034,-1.3268598
A_584.wav,2.121391,-13.8927555,-0.90626365
A_305.wav,-6.8066797,-11.378337,1.5646862
A_636.wav,10.927505,-2.336122,-5.4361567
A_1406.wav,3.0472372,10.997212,1.9359053
A_947.wav,7.005483,8.70427,-3.3143914
A_286.wav,-11.898532,-5.6178694,0.87160236
A_982.wav,-6.6976633,-13.12147,3.0870585
A_1147.wav,-14.898049,-5.454294,2.7819543
A_1123.wav,-12.792461,-8.180137,3.241176
A_643.wav,-2.4894671,14.662995,-0.617257
A_1379.wav,-1.4839929,11.926154,4.8505573
A_136.wav,6.3337407,-2.7492108,-7.135725
A_328.wav,1.0074915,11.836907,2.2393227
A_94.wav,-4.94974,-10.076734,3.4122236
A_833.wav,-7.0801325,9.710578,7.6056333
A_768.wav,2.1791244,5.539022,3.645943
A_1319.wav,11.062522,6.222081,-2.5028598
A_665.wav,0.08961628,10.956778,-3.045618
A_531.wav,4.7072854,9.717846,0.40060008
A_1033.wav,1.8663505,-12.713357,-0.0014396054
A_1211.wav,1.3344566,-4.5419064,-4.9383397
A_234.wav,-5.7229934,-4.847808,-2.1270168
A_273.wav,-12.299526,-6.2576694,2.9388258
A_1608.wav,1.0142505,-10.768484,-3.3735461
A_76.wav,4.371469,-4.8452816,-6.718365
A_484.wav,2.5352676,-7.406262,-5.4136343
A_178.wav,3.226668,-5.914591,-6.7802567
A_577.wav,-6.3921227,-9.171348,3.785639
A_297.wav,-6.8358874,-12.132718,1.049014
A_958.wav,-9.552308,-2.48121,-0.3081536
A_921.wav,-4.9523497,4.8499255,10.79232
A_1471.wav,-1.3340185,9.528356,6.0209346
A_121.wav,-2.903864,-8.790184,0.5062013
A_1298.wav,-1.7475628,13.698388,2.0826678
A_1178.wav,-10.082642,-6.0069733,0.9814229
A_271.wav,0.52703506,-9.211289,0.20304243
A_310.wav,-6.7522264,-1.8175851,-0.0015560277
A_434.wav,-7.1817365,-1.1879622,0.08946622
A_1143.wav,-15.214393,-1.762036,2.4247859
A_842.wav,9.600172,10.209352,-3.537577
A_357.wav,-13.765858,-2.653989,2.57056
A_1710.wav,-12.872325,-0.4218512,1.4827396
A_349.wav,-11.269756,-8.583367,1.5760853
A_740.wav,0.8388782,-5.277677,-1.8176959
A_467.wav,5.3359704,-10.468148,-5.055229
A_479.wav,-6.797899,-2.926823,1.0898758
A_294.wav,-6.431439,-9.385657,-0.8498363
A_1460.wav,-1.1624036,-5.4286504,0.9902138
A_1173.wav,-16.041754,-5.1805696,3.374583
A_1484.wav,4.0273657,8.910731,-1.8616161
A_1246.wav,0.43974012,-13.830513,-1.4774948
A_42.wav,-11.49829,2.0308554,0.020020075
A_761.wav,6.064021,7.153533,0.19471098
A_570.wav,-3.8751569,-3.687206,-0.9671402
A_927.wav,-2.3770537,-7.5409703,-2.5590858
A_1390.wav,2.0741165,10.354465,-1.5828849
A_306.wav,3.515569,-6.9778333,-3.3544974
A_557.wav,8.43358,4.3308263,-1.7985443
A_262.wav,-0.9075902,-12.601898,0.16710317
A_800.wav,-0.7624454,10.853503,2.9974468
A_43.wav,2.9483263,-0.23475654,-5.900791
A_1292.wav,0.3068979,9.19665,4.485119
A_314.wav,6.051726,-10.893861,-4.8275967
A_1078.wav,-8.608747,-2.4653108,3.5061448
A_163.wav,-5.03614,-10.42141,3.4855394
A_1247.wav,-5.423568,-6.59772,0.62420535
A_44.wav,-4.7963724,-1.8333472,2.1446352
A_1538.wav,-1.3088014,11.267136,3.3086681
A_847.wav,-5.2153935,-6.691571,2.1085293
A_1563.wav,-5.944197,10.239008,7.1688232
A_81.wav,4.9274144,-2.2643492,-6.466759
A_834.wav,10.636884,8.546314,-1.2432948
A_1281.wav,2.4621146,-5.2816443,-3.8379745
A_585.wav,10.183014,-1.6297518,-4.13367
A_1757.wav,-11.7001505,-9.111342,2.7765176
A_172.wav,-1.0450386,-5.4030037,0.29071444
A_1411.wav,2.8636327,9.779358,-1.5359881
A_972.wav,-0.42160162,6.3872514,7.604125
A_248.wav,-3.6348825,-5.3656063,-1.2999024
A_898.wav,11.328151,1.8582081,-1.2728741
A_781.wav,4.2046943,4.6118264,4.0019946
A_659.wav,-5.247066,-7.0577197,3.2392664
A_1065.wav,10.736396,8.740363,-1.6276054
A_1589.wav,4.214348,4.5649548,3.987905
A_1701.wav,-6.223427,-12.134689,0.5689718
A_257.wav,2.5357382,13.770684,-3.0271232
A_1146.wav,-8.026383,-6.9097776,0.5845559
A_101.wav,6.3384366,-8.786661,-6.591788
A_558.wav,10.598832,7.998325,-1.0050875
A_1086.wav,4.641679,-5.472305,-5.5516834
A_1454.wav,3.2650843,-6.480691,-4.2236786
A_1373.wav,10.972652,4.81158,-0.24405712
A_1091.wav,-4.6860847,7.166812,8.970504
A_1459.wav,-6.2457795,-0.2120658,-0.4169574
A_253.wav,0.51338446,-13.739142,0.5597697
A_737.wav,4.3545504,-7.2390065,-3.4152098
A_1350.wav,5.7690005,8.405093,1.6825311
A_997.wav,8.640756,10.543309,-2.8572044
A_1113.wav,-11.957156,-3.7562518,3.3791258
A_418.wav,-9.703974,-2.2627409,2.7048728
A_707.wav,5.611769,11.736921,-3.654801
A_760.wav,12.511058,-1.7948273,-2.7609308
A_964.wav,7.771426,-6.3142548,-6.77221
A_544.wav,11.434101,-2.5401282,-5.6584096
A_825.wav,0.9672605,7.123633,3.915108
A_658.wav,-2.1669736,6.9642534,8.037323
A_666.wav,9.880893,9.089661,-3.4380724
A_542.wav,-3.0846195,-11.137934,0.71313643
A_335.wav,2.8177655,-5.8890743,-0.95429325
A_1767.wav,-6.8236933,-7.788517,3.05305
A_1525.wav,9.113437,6.4893126,-3.009052
A_1201.wav,1.291205,-13.520983,-1.716123
A_1103.wav,-15.6401415,-4.352681,2.9062827
A_931.wav,1.6224915,-13.373583,0.101068735
A_102.wav,-2.4062488,-8.9396715,1.8424838
A_1271.wav,-1.6148353,-11.365132,1.5248498
A_540.wav,-0.59548855,-3.8302212,-2.3782642
A_1029.wav,5.9655733,7.0393286,-1.5876257
A_646.wav,-2.4520655,5.692058,8.948259
A_1437.wav,-4.2498503,6.626051,9.379248
A_822.wav,10.749141,4.718643,-2.7802186
A_265.wav,-6.5161843,-12.437183,1.2453657
A_492.wav,3.1465538,10.833291,0.029284673
A_1151.wav,-14.439589,-4.038439,2.469223
A_1061.wav,1.4848714,9.871682,-1.8419619
A_986.wav,8.058378,10.686088,-1.4992325
A_1652.wav,-1.2802306,-5.358923,0.8659588
A_62.wav,7.0459495,1.0681633,-3.6968992
A_360.wav,7.955109,-5.994398,-6.819231
A_1500.wav,1.2711676,7.8716693,3.471127
A_1305.wav,2.037978,-11.58391,-2.2093298
A_1401.wav,6.124666,11.043053,-1.6775186
A_1573.wav,10.955858,5.101235,0.40140355
A_364.wav,-12.791773,-8.526097,3.480323
A_1339.wav,-2.1751587,7.922213,7.7597046
A_1561.wav,4.4453278,4.708257,3.9388657
A_1669.wav,-9.083317,-7.4768105,0.7339749
A_499.wav,-12.950962,-8.533567,2.7672985
A_423.wav,-7.218415,-9.346246,1.066646
A_670.wav,-1.9926534,14.251985,-0.7134807
A_753.wav,-4.6387296,11.115283,5.1900644
A_466.wav,12.549473,-1.2697253,-3.459651
A_1032.wav,-3.6542215,8.075031,7.0041313
A_125.wav,2.64589,-3.245024,-5.303652
A_1242.wav,1.8413516,9.3389635,2.2496274
A_1478.wav,6.5527916,-3.2896647,-7.0449347
A_1736.wav,-14.412796,-5.4647617,2.7622786
A_1075.wav,-4.4187593,7.438409,6.4004445
A_33.wav,2.1891325,-1.5967757,-6.1711097
A_1255.wav,10.400417,3.8596704,-2.1166065
A_139.wav,10.282119,0.31452256,-2.3618252
A_459.wav,5.8174477,-11.297055,-4.9819074
A_703.wav,-4.120955,13.630502,1.9656148
A_1535.wav,1.2475108,-5.878782,-4.525037
A_1662.wav,-3.8904624,13.555602,1.6577407
A_1493.wav,14.178527,0.83594704,-2.8811765
A_630.wav,12.012657,6.0688562,-3.749276
A_1336.wav,3.1224194,-1.761877,-5.1733327
A_732.wav,1.7437024,13.484223,-2.4274552
A_1762.wav,0.03560198,11.985677,4.6586785
A_260.wav,-3.7446811,-10.266122,1.8613918
A_1100.wav,4.10692,11.891593,-1.4678774
A_1509.wav,8.788268,8.488165,-1.1554784
A_1289.wav,-12.248874,-7.4720564,2.1927254
A_565.wav,11.912792,-1.5256176,-3.4236212
A_615.wav,9.0256,6.299525,0.24858658
A_950.wav,7.9245753,-7.232827,-5.224658
A_967.wav,-0.5474495,-4.7575617,-2.0525005
A_594.wav,3.5473218,10.0072975,0.9599258
A_1723.wav,-12.210191,-0.33241695,1.3132349
A_727.wav,0.35311258,-13.660828,0.49395716
A_323.wav,-0.3733312,-12.5666065,-0.5179263
A_266.wav,-1.3464426,-12.946972,0.28569847
A_1708.wav,-7.6329923,-10.552647,0.15506697
A_1353.wav,4.9955215,-6.5787373,-6.632897
A_71.wav,6.2203574,-3.451842,-6.8608813
A_746.wav,6.775069,10.082071,-2.1142066
A_1085.wav,1.513362,6.486503,5.1207776
A_334.wav,7.603995,-7.3495774,-5.076813
A_979.wav,1.1251521,-13.517055,-1.8373398
A_1667.wav,-11.309478,2.0893881,0.18808027
A_242.wav,-4.377638,-1.6230972,0.6632628
A_1223.wav,-13.268606,-9.025444,4.558261
A_613.wav,1.911097,-6.753973,-3.278772
A_1547.wav,-8.742992,-8.60894,3.087337
A_320.wav,6.9638343,-10.553472,-4.611179
A_93.wav,5.6374054,-11.721075,-5.181952
A_552.wav,-3.118759,13.540702,1.9080738
A_858.wav,-0.7042869,11.153323,2.179459
A_1575.wav,9.806971,-2.8621314,-5.535312
A_1580.wav,-4.619538,6.7879143,6.792907
A_1013.wav,1.9873625,-9.589625,-0.1131157
A_846.wav,-0.6498047,-5.59975,-1.9067926
A_1332.wav,-4.254452,-3.8422525,-1.2297775
A_576.wav,-1.2585205,14.426467,0.6549204
A_1438.wav,-0.99597615,8.116571,7.881948
A_981.wav,5.4683003,-10.528221,-5.473032
A_620.wav,7.4341426,-7.1387177,-5.3649607
A_1228.wav,-3.2026634,-8.773021,0.637574
A_1700.wav,-3.8226879,-9.701521,0.79939973
A_219.wav,2.6997468,-9.024781,-4.86589
A_1063.wav,5.4978576,-1.9947548,-5.8873773
A_1338.wav,6.771748,0.7094898,-4.5620313
A_696.wav,13.695799,-1.7533333,-4.3450913
A_1488.wav,-4.749104,-1.4360718,0.7656419
A_1448.wav,7.6135364,10.917897,-1.0506029
A_415.wav,-5.606397,-11.9495,0.80381775
A_1486.wav,13.168028,-0.33057627,-1.5885503
A_1721.wav,-11.554342,-4.3264627,2.637806
A_527.wav,-11.326187,-9.6689625,3.219794
A_1356.wav,-0.71290016,9.140425,6.4305916
A_1490.wav,7.3681965,-5.083006,-6.82642
A_453.wav,-10.384675,-8.732452,2.4198868
A_617.wav,-6.7051263,-13.153501,3.1062284
A_1387.wav,11.5154295,0.8213023,-2.4138386
A_443.wav,8.026373,-2.240938,-5.6464634
A_1603.wav,-11.066056,-0.6034601,2.1590343
A_140.wav,5.0518947,0.5309496,-4.864246
A_1720.wav,5.480921,-0.8663432,-6.3647065
A_1259.wav,-2.3909135,-7.8464875,-2.6797626
A_911.wav,-6.3102694,-13.360612,2.0762584
A_340.wav,3.919428,-6.7350054,-4.1667733
A_668.wav,11.550666,4.051146,-2.5584328
A_1031.wav,-4.965278,4.741133,10.891789
A_205.wav,-8.89721,-5.1685076,-0.4726976
A_52.wav,4.9031696,0.19420017,-6.2864575
A_787.wav,2.255054,13.286546,-3.4338052
A_1295.wav,-5.991573,10.32602,7.177072
A_1524.wav,-2.0907276,-4.862164,-1.4751042
A_99.wav,-10.551072,1.7789607,0.10239068
A_684.wav,11.668611,1.3086839,-3.913057
A_225.wav,-5.5046363,-11.545711,0.6674523
A_1400.wav,2.767064,-12.396795,-1.3693068
A_55.wav,-9.958702,1.5142839,-0.13343243
A_308.wav,-5.5594525,-11.551261,0.36213753
A_1763.wav,1.6525451,-12.661333,-0.59441847
A_1057.wav,-2.8019817,-5.307938,-1.688779
A_258.wav,7.0891056,10.787861,-0.6519617
A_599.wav,4.242639,10.637751,3.0138218
A_1651.wav,-0.253112,-6.08543,-0.7456266
A_1595.wav,-0.74113196,6.0221596,7.5300865
A_525.wav,7.7624297,-9.292637,-4.7793684
A_404.wav,-11.963358,-4.0719647,2.1056936
A_1618.wav,-12.384501,-0.31490347,2.2087712
A_498.wav,0.047712352,-13.6827545,0.53637964
A_268.wav,1.3344772,-7.992305,-2.4540496
A_1670.wav,-4.182222,-1.6853368,0.5931836
A_196.wav,-1.613648,-11.482245,1.6474022
A_1378.wav,9.180434,8.529963,-0.972116
A_757.wav,1.7366667,8.726295,-1.6298459
A_159.wav,5.089892,-7.955475,-3.401474
A_85.wav,-0.16406696,-6.6698546,-0.92154986
A_1219.wav,13.812353,-0.8006017,-2.6200473
A_1707.wav,-6.594286,-11.094155,0.55644417
A_654.wav,-3.719524,7.9391303,5.7958035
A_980.wav,5.593023,12.857711,-1.8695909
A_1436.wav,0.69637644,-4.464064,-4.2566757
A_1628.wav,6.0330477,-4.2468266,-7.095246
A_1769.wav,9.467074,-0.844268,-3.7513068
A_937.wav,-1.1031736,11.445656,2.2375267
A_368.wav,5.5273967,-1.8736712,-6.29639
A_534.wav,0.069618344,5.6350665,8.151478
A_348.wav,-9.46332,-5.0324683,-0.12554988
A_1699.wav,-4.1260157,-7.127919,1.0983955
A_1605.wav,2.1322532,-2.1606941,-6.156334
A_79.wav,7.156663,-4.5389895,-6.970139
A_1012.wav,7.806127,5.432682,-1.8624197
A_1327.wav,-4.9910536,-11.933109,2.8479297
A_899.wav,-5.2142863,5.4970336,9.799682
A_728.wav,8.150766,7.6587644,-3.9334202
A_1272.wav,-2.344805,-6.706117,1.096088
A_957.wav,14.081383,-1.3821032,-4.189279
A_1755.wav,-7.9324975,-8.355501,1.8158499
A_838.wav,2.6363337,-10.72473,-2.646055
A_1467.wav,-3.2274303,-6.1637397,1.4942048
A_719.wav,0.83965266,12.786436,0.2087473
A_1381.wav,3.7791924,-0.72495157,-6.213513
A_15.wav,-13.151763,1.6592238,0.41812783
A_1252.wav,10.173439,-3.338558,-5.463904
A_1441.wav,2.374594,5.2356615,3.7332919
A_1550.wav,7.096096,1.2052577,-3.3238094
A_311.wav,-6.7154875,-5.004048,0.5880785
A_1331.wav,-9.668017,-1.7255714,2.1115837
A_1629.wav,5.837739,12.753867,-1.7318454
A_495.wav,-2.6438615,-5.9838867,-2.855439
A_1300.wav,-4.3412914,10.479756,6.386388
A_750.wav,12.6791115,-3.6351867,-6.0635867
A_1610.wav,11.16517,-1.1926043,-3.1943455
A_596.wav,-6.582804,-9.434019,3.636442
A_142.wav,-13.765123,-0.29964915,1.6499714
A_1654.wav,-3.5276961,11.551105,5.937444
A_720.wav,11.877902,7.7682533,-2.1448078
A_1671.wav,-2.370377,-10.351479,2.209572
A_902.wav,11.754403,-1.6909063,-3.1746807
A_919.wav,1.2985195,12.584152,-1.7499675
A_857.wav,5.917479,7.388306,-2.4875612
A_735.wav,10.844829,-0.7354263,-4.2810025
A_78.wav,2.586524,-7.9364915,-5.345153
A_873.wav,-6.783815,-7.38229,3.341809
A_1269.wav,5.748795,-6.9578023,-7.5466366
A_502.wav,10.884831,-3.476329,-5.647584
A_41.wav,-14.614479,2.700877,0.092828006
A_1392.wav,3.8444963,-6.285253,-5.7004724
A_1554.wav,-4.7014666,8.168133,6.5024524
A_1648.wav,8.975566,6.8012795,-2.1053052
A_555.wav,-2.8556986,-11.258654,1.3867635
A_808.wav,8.197896,-2.191724,-5.689898
A_16.wav,-13.910142,2.0985749,0.29660425
A_801.wav,-0.6180694,7.6803956,4.1327305
A_1414.wav,-5.369456,6.2396674,9.998123
A_723.wav,11.54386,0.15590891,-3.550938
A_134.wav,8.61884,6.7425056,-1.5998186
A_186.wav,3.251989,10.773295,0.14297149
A_1368.wav,2.532689,12.382624,-0.7194172
A_355.wav,-10.535772,-3.5959086,1.8445554
A_1024.wav,4.1241302,5.133872,3.593996
A_1144.wav,-9.115961,-1.8068798,0.8982563
A_1162.wav,-12.971437,-7.2707005,2.0836039
A_1482.wav,9.971203,6.1240277,-2.1766763
A_21.wav,-14.862112,1.2132022,0.9509221
A_770.wav,-6.4655337,9.55618,8.242983
A_859.wav,8.883251,3.8794148,-1.1589972
A_884.wav,-2.3191903,5.652358,8.088751
A_610.wav,0.4407387,7.458036,4.05385
A_1666.wav,2.9969995,-3.1950343,-5.6597705
A_1140.wav,-15.290013,-4.8584,2.911979
A_1497.wav,-8.42954,-7.5872607,3.0148835
A_616.wav,-4.8337584,12.985833,3.6584125
A_446.wav,-2.6640425,-6.9108715,2.471552
A_462.wav,-1.9209963,13.693975,2.92243
A_829.wav,-5.4379616,6.1608605,9.994903
A_468.wav,4.3705688,-8.112751,-3.5253215
A_189.wav,-2.800343,-6.9557304,2.294707
A_637.wav,-4.43529,-8.913746,-0.4382951
A_755.wav,11.623565,3.7342796,-2.5971181
A_766.wav,-1.1994103,11.481742,4.0499253
A_1664.wav,-3.4148898,9.091356,7.965883
A_1646.wav,6.481432,-3.6345232,-6.929893
A_17.wav,-8.288203,1.8882977,-1.0170853
A_1440.wav,0.054219276,6.490739,7.249265
A_674.wav,12.145798,8.158959,-2.8269563
A_1104.wav,-10.883436,-9.537997,3.140201
A_394.wav,-10.557754,0.80265135,0.38693964
A_218.wav,0.8034171,-10.725885,-3.519632
A_840.wav,5.462858,10.225662,-3.5844922
A_1435.wav,-7.927008,-2.896151,2.1262937
A_160.wav,-4.492466,-8.909736,3.5365014
A_969.wav,4.470674,12.773117,-2.7592797
A_1217.wav,1.2184695,-5.5509953,-4.5645337
A_1772.wav,1.4955059,13.942398,-1.9751331
A_146.wav,-10.659146,-0.020572394,1.0594598
A_1665.wav,0.36891693,11.925345,2.1652758
A_202.wav,1.2192143,-8.815142,-0.91128886
A_1739.wav,2.723607,-2.7450023,-3.63093
A_621.wav,3.3106368,11.975791,-1.1274911
A_1266.wav,-11.990221,-8.458129,4.0496006
A_457.wav,0.5092036,13.421444,-0.6188926
A_1600.wav,3.4870532,-10.202422,-3.9077368
A_22.wav,-8.335181,2.0997803,-1.1128074
A_228.wav,3.0330067,-5.428912,-3.805676
A_190.wav,2.0487347,-13.821839,-2.07781
A_1543.wav,-4.914248,4.7357655,10.894563
A_1520.wav,4.8663864,5.291612,1.2927759
A_598.wav,-11.472429,-1.1599307,2.153493
A_272.wav,-10.703158,-9.152829,0.57558525
A_1132.wav,-3.2956648,-10.632154,1.6545287
A_280.wav,-6.992398,-6.9545693,-0.8078676
A_1512.wav,5.8489575,12.320657,-1.914188
A_1116.wav,-12.13963,-5.2852383,1.3633271
A_711.wav,1.2666287,10.68022,-1.9391378
A_869.wav,6.172769,7.314658,-1.1518731
A_1386.wav,0.7914408,13.774165,-1.0318801
A_798.wav,2.1742253,6.338137,3.9187915
A_733.wav,12.510328,7.3490357,-2.5496988
A_1082.wav,-6.77277,9.3582535,7.7676544
A_1131.wav,4.5258512,-7.1048236,-4.6259565
A_771.wav,-5.5989223,13.63091,2.6641998
A_1635.wav,0.07370642,-5.9513645,1.4069549
A_1164.wav,-12.297058,-4.7355795,1.8826187
A_113.wav,-9.814669,-7.162603,2.8083913
A_1604.wav,2.7498584,9.329881,3.0092652
A_1022.wav,7.84406,-12.229061,-4.864696
A_425.wav,-12.067281,-2.79805,1.8136661
A_250.wav,1.1805494,-8.673059,-0.16312246
A_1540.wav,-3.3474357,7.615013,6.6701255
A_1696.wav,4.742255,-6.8870883,-4.7344327
A_1499.wav,2.0656102,-0.9229295,-4.687205
A_276.wav,2.5858166,-5.8005686,-0.90126735
A_661.wav,5.742302,7.532021,-1.0902559
A_1395.wav,0.62185395,11.528616,2.942246
A_412.wav,-6.9038053,-5.625254,0.92430735
A_918.wav,12.117999,8.323955,-2.9908195
A_754.wav,11.702157,3.0679047,-2.6334438
A_1591.wav,-0.787479,10.121612,5.497245
A_894.wav,-0.63998055,8.130939,4.4573097
A_1170.wav,2.8088665,-3.986101,-2.9471297
A_1747.wav,-4.7938375,-3.058968,1.7117751
A_1367.wav,-0.89554846,12.026154,0.81250495
A_245.wav,-9.642775,-5.659937,2.7590334
A_148.wav,-3.422257,-8.51772,2.5746891
A_1574.wav,9.948398,-0.15524854,-2.968121
A_1087.wav,-2.8076289,7.5613666,7.9832406
A_448.wav,-6.729132,-9.330101,3.473394
A_1221.wav,9.793463,6.5757184,-2.6990714
A_91.wav,0.1931879,-6.8225026,-1.2781177
A_730.wav,10.495622,2.3681269,-0.53981
A_145.wav,-13.932292,-5.8836694,2.665258
A_688.wav,7.2754755,-11.7459545,-4.4670963
A_604.wav,6.6828623,-5.410635,-5.7733307
A_1613.wav,-0.852104,13.967589,0.098835334
A_1498.wav,-4.892092,5.9605775,9.761018
A_444.wav,-2.962266,-9.025217,1.0863594
A_256.wav,9.31887,10.005267,-1.1459796
A_681.wav,9.414863,2.3412147,-2.4897718
A_1346.wav,-0.12767969,12.655197,-2.718305
A_1439.wav,9.910574,0.043403007,-2.7218795
A_389.wav,-4.8502645,-8.4506645,-0.34705275
A_974.wav,-3.8359666,8.681254,7.8864927
A_1288.wav,-4.9900866,12.493667,4.05077
A_1215.wav,12.346337,0.25236166,-2.6340597
A_211.wav,-5.111942,-2.9853265,-1.1377269
A_1687.wav,2.469374,9.839914,-2.2536783
A_380.wav,-0.8730927,-11.8949795,0.11363422
A_816.wav,10.487726,4.4368258,0.20000283
A_923.wav,12.826372,-3.8155105,-5.4173813
A_144.wav,-13.812157,-2.564378,1.9837103
A_1025.wav,-2.3912587,11.193128,4.189073
A_12.wav,-11.522425,2.7272081,-0.49311614
A_600.wav,3.4360416,-0.69609237,-6.1500106
A_1312.wav,-0.6118349,-11.536667,0.2205795
A_1606.wav,-5.7797937,-6.4802365,2.4810767
A_370.wav,-9.346117,-4.649354,-0.6746866
A_1549.wav,-2.5493507,5.606209,9.074322
A_1413.wav,-3.5586748,-9.997108,3.6164463
A_249.wav,0.07796587,-11.184522,0.078602776
A_556.wav,3.5657787,-6.2518997,-3.2262025
A_698.wav,-5.5648813,13.213849,3.577841
A_1568.wav,1.8789866,13.949618,-3.3946388
A_361.wav,1.4418122,-8.6635065,-3.2074084
A_1185.wav,-11.1428995,-8.3010645,3.311349
A_319.wav,2.8420205,-4.5696125,-3.1139743
A_1372.wav,11.90083,-2.2342563,-3.2200801
A_694.wav,10.053544,-3.956596,-6.0197387
A_1544.wav,11.930775,3.2836182,-2.4104617
A_1449.wav,4.059484,6.1053267,3.1629984
A_1694.wav,-5.5332685,-6.016552,-1.8269215
A_1068.wav,9.816862,-1.0875982,-3.313395
A_744.wav,7.409322,-7.379338,-4.7524314
A_1452.wav,4.762753,4.5194263,3.9786208
A_451.wav,-5.5284467,13.458745,2.916437
A_945.wav,7.509986,5.336072,-1.7471575
A_1570.wav,2.2378638,-10.984861,-3.8357427
A_1738.wav,-11.226494,-6.5711894,2.0884862
A_549.wav,5.554295,10.200744,-0.8707925
A_508.wav,1.8164979,-11.225413,-0.20545082
A_183.wav,5.492672,6.343575,-0.88000894
A_1254.wav,6.0655885,7.290323,-0.34617648
A_493.wav,-4.691126,-8.03278,-0.4429346
A_1064.wav,-5.099089,12.665778,3.0679648
A_797.wav,-2.374035,7.828629,4.862533
A_32.wav,9.699796,2.2389104,-2.4019065
A_169.wav,-14.819746,3.1325407,-0.09405968
A_162.wav,1.2123249,-8.872407,-2.952667
A_1518.wav,9.044057,-0.8790527,-3.8409717
A_517.wav,-1.9488847,6.91191,8.349423
A_460.wav,4.3430204,-7.652024,-3.985664
A_431.wav,2.4630532,-4.543847,-2.327416
A_63.wav,-14.85919,2.6134582,0.14552997
A_65.wav,1.3648503,-10.887814,-3.253081
A_1641.wav,1.8011497,-0.83711773,-4.4484234
A_0.wav,-7.127952,-2.3675416,1.155331
A_1732.wav,4.022612,-7.5331116,-1.3372976
A_149.wav,1.7197171,-11.926888,-2.7672794
A_1202.wav,-1.7431988,13.582145,-0.57973754
A_1311.wav,1.9239407,9.572609,2.0514615
A_352.wav,-11.938656,-6.689609,1.7976267
A_285.wav,-9.601822,-5.226414,-0.33177578
A_338.wav,-9.936012,-8.631782,2.2860157
A_165.wav,-4.795456,-11.771218,2.5748773
A_863.wav,-2.294692,-7.850411,-2.5478168
A_1343.wav,-7.7154403,-7.327393,1.692571
A_244.wav,-3.1890452,-4.5157256,0.86369544
A_1743.wav,-4.391545,-4.429959,-1.0492892
A_1552.wav,-2.7878246,7.710372,7.349087
A_563.wav,8.629028,-0.19289133,-3.063789
A_229.wav,5.0584054,0.51793456,-4.861122
A_1725.wav,2.8625,-5.4967184,-0.5375526
A_529.wav,13.425759,4.2406425,-1.8624763
A_1735.wav,-5.737574,-3.772797,-1.7335773
A_1653.wav,7.555975,5.74204,0.5121884
A_881.wav,1.4964557,8.445923,-1.466075
A_232.wav,-14.41136,1.1454425,1.1463971
A_396.wav,-10.939945,-3.3193111,0.66385883
A_48.wav,-7.96172,0.35217673,-0.34986556
A_515.wav,-13.766733,-4.332524,3.9941366
A_675.wav,11.483566,-0.4522257,-3.8508744
A_1157.wav,-11.076258,-3.0389953,1.4242418
A_591.wav,-0.014071922,6.3544855,7.913719
A_1304.wav,6.4773493,-6.940263,-6.942016
A_1273.wav,5.868249,7.9313326,-0.03689856
A_1167.wav,-12.83408,-7.295386,2.3390102
A_267.wav,-0.8548028,-6.4148254,0.042144027
A_300.wav,-5.0932727,-2.3070636,0.8893849
A_463.wav,5.6486983,12.423435,-3.169136
A_850.wav,5.9249573,11.048316,-2.411476
A_1730.wav,-6.949995,-5.9541707,-0.3838294
A_936.wav,2.6148484,-2.4517522,-3.1930623
A_1042.wav,-2.0706215,5.322045,7.3668203
A_1105.wav,-8.997193,-9.13343,1.6551908
A_1095.wav,-2.1866987,11.571849,4.0611796
A_1420.wav,-1.5625705,11.877231,1.8945012
A_1161.wav,-8.325635,-9.109695,1.0899128
A_30.wav,-10.635176,1.4899383,0.14598113
A_203.wav,1.404591,-8.719015,-3.155252
A_1074.wav,-2.1639194,11.572506,3.5686245
A_1093.wav,9.4342,9.729041,-1.7094802
A_925.wav,11.505859,6.052608,-3.4268253
A_1557.wav,5.9886603,0.9935174,-5.37014
A_1037.wav,-4.570657,11.481893,5.0782437
A_1455.wav,-7.549334,-4.5778666,1.9314523
A_1067.wav,-0.17447521,-5.253136,-2.0306761
A_481.wav,-8.167367,-5.702941,1.6257982
A_656.wav,2.3611045,-10.181871,0.0603648
A_1503.wav,6.1988773,8.579922,-0.23035917
A_536.wav,6.1398406,8.139392,-0.52671605
A_92.wav,-3.8076563,-10.783103,2.7582648
A_64.wav,-5.0319943,10.746756,7.1412554
A_1371.wav,11.798416,2.6099844,-1.4619422
A_1260.wav,-6.4185805,-9.89839,-0.66418475
A_374.wav,-2.0927641,-8.303263,0.46353635
A_1768.wav,2.564213,-4.3864226,-2.8805249
A_560.wav,-9.100682,-4.4441586,0.97321624
A_909.wav,1.593544,10.303469,-2.45523
A_122.wav,2.8531678,-8.500671,-5.325014
A_762.wav,4.6387205,8.847785,-2.941563
A_1741.wav,2.5634034,-6.1941886,-0.691066
A_676.wav,-4.7892113,13.568742,3.0434883
A_293.wav,-10.778021,-8.825241,2.5443666
A_883.wav,0.36468527,11.320552,-3.3454971
A_337.wav,-4.677634,-10.645208,3.1553192
A_1207.wav,4.6579804,5.5581036,2.832098
A_745.wav,12.919485,3.095381,-3.1934135
A_179.wav,4.6609674,8.842644,1.7745979
A_582.wav,9.920665,8.544899,-0.95475227
A_106.wav,9.480323,9.653095,-0.33573607
A_437.wav,-12.248494,-4.60448,4.8916373
A_672.wav,-6.38534,-13.334329,2.6906147
A_1262.wav,1.5444007,-9.5405445,-0.40838924
A_1771.wav,-6.025811,-7.1000705,-0.90194505
A_823.wav,-0.13306476,8.123022,5.041363
A_632.wav,4.604447,-0.28668168,-6.2813897
A_1548.wav,4.8561625,-2.5081623,-6.0806437
A_1107.wav,-5.9957976,-10.617087,-0.7389437
A_400.wav,2.458903,-4.5707016,-3.091273
A_679.wav,12.339416,-3.0357444,-5.6190615
A_1705.wav,-16.275814,-0.59412587,1.923642
A_7.wav,1.032355,-3.5845735,-0.23532245
A_201.wav,-14.784302,2.970559,-0.019756326
A_422.wav,-15.111543,-0.14834218,1.7750965
A_547.wav,6.047308,-10.553282,-4.5237775
A_657.wav,2.1187346,6.496617,1.7372049
A_135.wav,3.553499,-2.990825,-4.0468106
A_1555.wav,-0.35848925,6.5479417,7.682512
A_651.wav,5.373442,6.8493857,-1.1035931
A_1328.wav,2.9780993,-8.782394,-4.2560143
A_949.wav,4.16636,9.155181,-1.7069178
A_1330.wav,1.7901684,-1.2124797,-4.4183745
A_403.wav,-7.1420465,-2.1284707,1.1166466
A_1374.wav,13.300634,5.483431,-2.021289
A_810.wav,-1.3008996,5.777754,7.456513
A_87.wav,6.5015335,-8.795943,-6.6858544
A_1587.wav,4.1934066,8.547047,-2.1878982
A_506.wav,-11.885509,-10.092322,3.2904024
A_520.wav,-2.493702,10.456881,5.258377
A_1120.wav,0.49250853,-9.018304,0.4423892
A_275.wav,-4.2345824,-9.0288105,-1.0715322
A_1268.wav,-10.701544,-0.14528652,2.3540735
A_393.wav,2.798618,-4.157877,-2.79517
A_206.wav,-4.866744,-7.442214,1.0231287
A_1693.wav,1.365853,13.68135,0.05480402
A_1045.wav,7.2438326,1.4942806,-3.0269032
A_304.wav,9.073718,5.6831117,-2.939748
A_1229.wav,13.485044,-0.3649651,-2.0998816
A_130.wav,7.0738125,-4.8124557,-7.1057515
A_1531.wav,-2.4715385,-7.164312,2.3714397
A_1571.wav,-3.325794,6.15492,9.37434
A_35.wav,-14.028852,1.7735863,0.46234336
A_1659.wav,2.7716126,-11.012116,-4.060599
A_564.wav,-4.515658,7.9681997,6.651052
A_736.wav,2.1960404,-10.228374,-0.061374065
A_1035.wav,-2.0447278,7.798836,4.966524
A_1480.wav,2.33065,-1.1850187,-4.776536
A_1077.wav,3.7007325,13.839448,-1.7817014
A_1039.wav,-3.3077674,8.296781,7.4367886
A_908.wav,2.8323374,10.939192,1.150597
A_362.wav,-4.499984,-10.148452,2.11695
A_1397.wav,12.574347,5.796951,-2.485978
A_458.wav,-0.919837,8.374277,3.2462957
A_1137.wav,-15.515203,-5.400413,3.0280843
A_330.wav,5.2281322,11.623274,-1.6871979
A_944.wav,4.704767,5.2182813,1.2552282
A_200.wav,-14.233625,1.2705294,0.8019405
A_66.wav,7.179361,-5.0456243,-6.869905
A_1347.wav,-7.2462053,10.240975,7.444287
A_1581.wav,3.162048,4.470591,4.0316744
A_966.wav,10.451341,-0.6052393,-3.2829301
A_210.wav,-9.952852,-7.5108204,2.668722
A_254.wav,11.689299,-0.95496345,-2.1699486
A_1711.wav,-9.0892,-2.0157378,0.10662382
A_747.wav,0.5740117,-13.364136,-0.29104957
A_97.wav,-2.8360524,-5.9618425,1.7093291
A_907.wav,-2.346791,13.125535,-1.6146979
A_1644.wav,-3.6847622,-6.929258,0.635883
A_701.wav,1.6930813,13.870543,-2.5424383
A_1457.wav,-2.1179705,9.520344,5.6984096
A_322.wav,0.44553706,8.227854,4.495976
A_175.wav,1.2316735,-12.589928,-1.8899066
A_315.wav,7.5776067,-8.892686,-4.8638825
A_1433.wav,10.840356,4.9474535,-0.08226149
A_1098.wav,-12.287937,-9.002115,3.0503268
A_853.wav,0.13833502,13.061919,-0.55620027
A_440.wav,-6.1282654,9.670025,8.115307
A_1125.wav,-13.714422,-6.533174,2.7378387
A_702.wav,-5.499112,13.355939,2.9580874
A_449.wav,-15.647089,-4.5207624,3.7278898
A_1586.wav,4.8952017,5.6518035,2.4144413
A_1121.wav,-15.467313,-5.40681,2.9490392
A_872.wav,3.4025242,-10.3154125,-3.8883696
A_331.wav,11.8447485,1.7193174,-3.819926
A_1389.wav,8.334543,10.489035,-1.0733228
A_24.wav,-8.3466425,2.0515857,-1.0821358
A_930.wav,-2.1448696,13.085202,-1.4648225
A_882.wav,7.0881386,1.5571052,-2.9633224
A_765.wav,11.767257,-0.79678845,-2.1284966
A_961.wav,-4.979846,-1.3431907,0.965342
A_74.wav,-1.4639302,-5.07871,0.8008564
A_763.wav,4.167791,4.648466,3.972923
A_1630.wav,0.7507394,-7.416705,-2.4274354
A_915.wav,11.235739,1.1781275,-4.0641437
A_734.wav,11.800367,3.3568146,-2.478915
A_571.wav,10.888801,4.108254,-0.8031113
A_120.wav,1.2817901,-13.6174345,-2.01726
A_813.wav,2.827195,9.335283,3.184754
A_1569.wav,-11.976089,-4.488989,4.1702623
A_1642.wav,-4.5093102,-10.811598,2.939912
A_1314.wav,-6.3113837,10.286051,7.23648
A_926.wav,-5.7076397,-10.643235,-1.1835474
A_1712.wav,-5.194469,-2.2258408,-0.35387504
A_141.wav,-8.026171,0.5481044,-0.41706848
A_924.wav,3.2354388,13.609855,-2.6899428
A_901.wav,-5.4250207,6.793405,7.5218854
A_1470.wav,-11.681343,-0.023141917,2.039456
A_699.wav,-1.4902086,14.128548,0.5647157
A_1504.wav,-1.1776226,13.4879675,3.1576033
A_539.wav,8.812822,6.8497214,0.41737372
A_1609.wav,-2.568218,-11.883682,2.1978495
A_1626.wav,-6.531133,-1.7812347,-0.04851562
A_1649.wav,10.543146,2.179609,-1.1460092
A_1632.wav,2.688396,8.586095,-1.2716515
A_59.wav,-12.002127,2.0490456,0.026883792
A_238.wav,3.9720023,-8.138502,-4.365932
A_1468.wav,-7.693519,-0.6178088,-0.025359197
A_1026.wav,0.056088768,12.255703,2.6163366
A_191.wav,-0.51730716,-5.825713,-0.8621449
A_1621.wav,3.6379266,-2.7900593,-5.972849
A_662.wav,-3.4757025,7.8570614,6.12557
A_324.wav,0.99147654,-13.580195,-1.9404727
A_1620.wav,-7.781481,-1.2284063,0.30480036
A_1326.wav,1.479824,-7.9412436,0.061727278
A_779.wav,-0.38110384,-5.16062,-2.0065303
A_928.wav,2.4949036,-9.52842,-0.31229717
A_933.wav,0.60647756,-4.230076,-2.0207586
A_5.wav,7.3588696,-0.2628775,-4.069108
A_1615.wav,-1.2523665,-4.763223,1.0299824
A_433.wav,2.7215757,-0.6519198,-6.0219564
A_278.wav,-11.628239,-8.707631,2.9288518
A_375.wav,0.18377924,-10.05249,-0.1430656
A_716.wav,13.102003,-0.9243294,-3.1739986
A_1238.wav,-6.5085373,-11.408537,0.6966846
A_289.wav,-0.14067955,-9.588459,0.044674456
A_897.wav,-5.333665,12.802975,3.1518128
A_1197.wav,11.1082115,-2.6496565,-5.64012
A_892.wav,-0.44586447,9.304814,1.0374767
A_1264.wav,3.1886728,9.784656,-0.08568292
A_1740.wav,2.4347217,-6.1973753,-0.27639973
A_914.wav,-0.9188997,12.797416,-1.7375507
A_132.wav,12.626081,0.06900848,-1.9365045
A_1734.wav,-5.6763525,-5.9541984,0.34273216
A_447.wav,0.355886,-3.9761472,-3.8626683
A_817.wav,-4.8144474,5.338239,10.363563
A_240.wav,1.9699436,-12.322207,-0.67998475
A_1171.wav,-1.2239616,-4.5878825,-1.5502965
A_989.wav,4.4925575,-8.197707,-4.4464254
A_1753.wav,6.3146863,-3.5242357,-6.8635917
A_119.wav,-12.750193,-0.75213957,1.6846591
A_588.wav,2.7444355,11.326137,2.6506684
A_402.wav,-12.099287,-7.142443,2.3342793
A_1177.wav,-6.774486,-9.5861025,0.42106298
A_938.wav,-1.6882416,13.204824,2.6335225
A_686.wav,10.874264,0.14087316,-4.400923
A_426.wav,-12.331311,-9.288154,2.8146257
A_1097.wav,3.2889385,10.92823,-0.8761837
A_365.wav,-6.0599675,-11.036878,-0.42332542
A_1017.wav,3.1953228,10.206553,2.3321698
A_166.wav,-0.39202228,-4.131174,-2.1622021
A_363.wav,3.1533663,-6.3881874,-4.158163
A_1348.wav,1.1497507,13.515483,-0.6508774
A_226.wav,2.6307662,-8.900978,-4.719233
A_691.wav,6.910652,7.7780743,-3.453368
A_503.wav,2.5903857,-5.4296794,-1.1266974
A_1429.wav,10.38173,2.9168155,-0.105979115
A_1007.wav,5.899368,10.609905,-2.6471977
A_606.wav,7.4340644,1.8740611,-2.8592453
A_994.wav,2.416983,-9.467411,-0.32346144
A_1691.wav,-4.5798545,-6.6341066,0.010783358
A_627.wav,-0.43073803,7.8505063,4.8194985
A_288.wav,-11.888454,-3.859575,2.5161219
A_844.wav,12.460173,7.111274,-2.8511324
A_455.wav,-5.3044763,-6.9631586,1.6718533
A_1112.wav,-4.910219,-3.5313041,-1.0173867
A_752.wav,10.382201,9.2354965,-1.6238766
A_118.wav,5.794024,4.619314,3.7781343
A_607.wav,-3.1505995,-11.005926,2.095474
A_778.wav,1.4645681,6.860275,2.4196527
A_1193.wav,-2.7789412,-7.614155,-2.6662865
A_826.wav,7.626092,-12.1337805,-4.721735
A_578.wav,1.8507056,11.738005,3.2864857
A_1277.wav,12.585522,5.569866,-2.3069983
A_954.wav,-1.2598572,11.957351,4.77396
A_890.wav,8.202175,5.1143856,-3.1080847
A_1210.wav,12.2849455,-1.7949016,-3.1289287
A_1419.wav,-6.534305,-9.1872635,3.8403056
A_1136.wav,-10.781803,-3.4363375,2.0390878
A_889.wav,-10.035571,-3.5433846,3.8863373
A_1526.wav,5.2190824,-7.5279765,-6.504329
A_137.wav,1.653817,-3.4663668,-5.0213265
A_896.wav,-2.8761582,7.451526,4.7201056
A_296.wav,-11.675358,-7.423208,1.5340222
A_1213.wav,8.408511,6.609879,-0.9689241
A_580.wav,7.9545255,6.4349084,-0.82763916
A_526.wav,-2.7685876,-8.219446,-2.7754865
A_471.wav,4.333272,-4.0616627,-6.6588697
A_1199.wav,-5.084927,-7.174787,-1.3493258
A_1473.wav,7.9453993,-1.9541832,-5.6470366
A_1726.wav,1.9194729,6.690789,4.356573
A_1318.wav,-5.6862154,6.3257394,10.126596
A_1719.wav,-16.366644,-4.8213735,3.160875
A_845.wav,5.7030206,-11.617121,-4.246479
A_1637.wav,-3.7977061,13.629471,1.2920668
A_987.wav,5.5513825,-7.4701266,-6.2701597
A_806.wav,-4.904007,7.087376,8.511346
A_378.wav,3.48989,-8.261517,-5.1023602
A_1522.wav,-1.2852746,10.081221,5.6475635
A_864.wav,1.7063017,-9.097396,-1.1008834
A_1111.wav,-4.4437957,-6.545328,-0.87942207
A_6.wav,-3.9404123,-1.7112008,0.55741686
A_922.wav,11.627425,7.8746133,-1.8518012
A_1751.wav,1.8600626,-6.8537693,-1.7786418
A_513.wav,0.29915452,-13.313374,-0.5139751
A_1015.wav,7.0535407,-7.800899,-4.247509
A_1643.wav,10.886245,5.8371744,-2.1924093
A_1020.wav,7.335289,-12.056748,-4.530608
A_452.wav,2.0063105,-4.411362,-3.7677228
A_932.wav,3.6368394,9.11821,-2.6268811
A_1506.wav,7.2428894,5.8722553,0.30194795
A_1631.wav,11.10315,8.024986,-2.2347658
A_1634.wav,0.07370642,-5.9513645,1.4069549
A_1290.wav,-14.062353,1.2248114,1.5282923
A_854.wav,-2.0122955,13.464212,2.7104156
A_1099.wav,-5.357819,7.915723,8.338276
A_1006.wav,7.9489055,10.505711,-0.8285802
A_1541.wav,2.7311444,-9.628873,-0.31529877
A_1425.wav,-10.168845,-5.8000197,0.77853763
A_367.wav,-13.671222,-5.182404,2.1327417
A_625.wav,13.0417595,-4.2605605,-5.57787
A_575.wav,1.3587914,11.472373,2.7129896
A_124.wav,5.145778,-0.73114324,-6.548835
A_54.wav,-10.626301,1.421842,0.12655604
A_1715.wav,-4.228543,-4.3311462,-1.2601606
A_464.wav,11.330428,-3.903307,-4.926895
A_628.wav,1.1808888,10.4972515,-1.8673794
A_609.wav,-0.51231676,8.345567,8.073737
A_782.wav,0.71466374,-7.5223546,-1.2370703
A_259.wav,3.8212857,13.266291,-1.5552286
A_1684.wav,-6.1524224,9.724645,8.152903
A_634.wav,-0.45944238,10.723972,-0.90170366
A_1278.wav,-1.9418553,7.001567,8.422837
A_878.wav,2.7085712,13.20909,-3.5415046
A_1465.wav,8.414748,-0.5718032,-4.650111
A_1196.wav,2.605761,-5.2502537,-1.4219701
A_512.wav,0.7024356,-12.256047,-0.69092727
A_1623.wav,4.1570354,-2.4978125,-6.770808
A_1011.wav,11.953388,0.07593638,-2.719322
A_812.wav,0.92517823,6.7227006,2.9776766
A_1749.wav,1.5019197,-10.3975115,-0.9172549
A_1071.wav,5.61311,9.894481,-2.0533
A_865.wav,-2.9818232,13.698008,1.5548726
A_1638.wav,-11.492622,-0.016713306,2.091462
A_1152.wav,-12.197686,-4.5946116,2.5223105
A_473.wav,10.840545,-3.6408827,-5.461381
A_1697.wav,-3.2153075,-8.833249,1.8504379
A_237.wav,5.0549474,-7.938876,-2.912341
A_472.wav,5.6360235,-3.5876648,-6.9864974
A_700.wav,5.73502,11.517892,-3.397157
A_405.wav,-2.1644504,-4.20884,-0.8436195
A_223.wav,-15.322001,0.11561205,1.431675
A_769.wav,9.230059,3.061718,-0.3091934
A_1209.wav,13.123164,-1.663858,-3.3311563
A_156.wav,-2.5260606,-3.835518,1.1969813
A_895.wav,-2.579746,11.47392,3.6355011
A_413.wav,-1.5752144,-8.293653,0.27602845
A_316.wav,7.3694787,-9.058859,-5.097578
A_717.wav,4.1119666,-9.249828,-4.1201315
A_1360.wav,3.1023884,10.684491,3.3614051
A_1383.wav,2.172893,-10.690658,-3.1029916
A_450.wav,-12.3459215,-1.2669619,2.2226193
A_312.wav,2.3216903,-3.4549305,-4.548279
A_1495.wav,0.16435927,-9.484656,-0.04329304
A_386.wav,-10.811253,-8.193177,3.5581996
A_34.wav,-14.542891,2.2189217,0.315024
A_371.wav,-7.982622,-6.4531384,0.07155454
A_742.wav,5.561486,11.52919,-3.207955
A_1190.wav,-5.878249,-8.320497,-0.740927
A_537.wav,3.1825936,10.851775,2.5410826
A_1263.wav,10.171533,3.748779,-0.62430847
A_523.wav,5.1330004,8.586197,1.6392554
A_1220.wav,12.049432,7.146858,-3.012025
A_1458.wav,9.168196,6.769013,-2.25226
A_1577.wav,1.4524182,8.745059,-1.9384565
A_174.wav,1.5828768,-10.95071,-2.7297397
A_1702.wav,0.4438718,-7.0047493,-1.4068642
A_1008.wav,8.810494,9.158599,-3.712209
A_1081.wav,0.5487711,7.398841,3.9156232
A_1403.wav,-0.06641495,9.754979,4.3432636
A_935.wav,-2.8077445,14.25617,-0.49701387
A_1345.wav,8.549451,10.848121,-2.0213287
A_1744.wav,-1.4818019,-4.469882,-1.8847524
A_603.wav,-0.8645424,6.1170726,8.801104
A_990.wav,-3.7817402,7.7670503,7.252199
A_1021.wav,13.929516,-0.11449767,-3.3311214
A_1678.wav,10.007173,3.2755277,0.26589918
A_1582.wav,5.4443507,12.2671175,-2.5194745
A_538.wav,-0.062633984,13.215569,3.0543308
A_1612.wav,-1.2937496,12.002565,4.377773
A_687.wav,12.326429,-0.99009544,-4.182437
A_1754.wav,-8.098441,-6.9644856,0.46112806
A_96.wav,5.6278563,-7.0356946,-7.580366
A_420.wav,-15.931627,-0.38350788,1.8370801
A_1227.wav,-0.22820222,11.732531,1.6037233
A_478.wav,2.1718838,-1.9124652,-5.6046796
A_861.wav,-5.179011,7.1470256,8.36584
A_1695.wav,-8.376486,-11.130989,1.303965
A_407.wav,-4.438176,-5.0076194,0.5957186
A_880.wav,-1.5610317,7.755962,4.201358
A_1729.wav,0.25678387,-8.682292,-0.36715108
A_1084.wav,2.7477057,9.132935,1.9093914
A_1516.wav,2.7590828,11.228978,1.7522479
A_411.wav,5.574005,-3.7684414,-6.863816
A_1028.wav,2.6813169,-13.996235,-2.2576494
A_207.wav,4.648446,-5.1754622,-5.661186
A_1317.wav,-3.4070652,5.73291,9.620326
A_1189.wav,2.3494217,-2.5382986,-3.3358364
A_3.wav,-14.194407,1.7408613,0.6886147
A_791.wav,-1.6587908,8.250444,4.9157977
A_1477.wav,-8.717019,-7.807795,3.34137
A_1583.wav,12.403192,7.172349,-2.2994664
A_185.wav,8.992472,8.682049,-1.02148
A_441.wav,-5.191241,-4.1795464,0.53425443
A_767.wav,-2.4719822,11.670212,5.1161394
A_1683.wav,-2.137215,-4.7222466,-1.4037254
A_1141.wav,-8.177841,-9.437393,0.9999885
A_1310.wav,-1.5723807,7.997483,7.885753
A_952.wav,4.361903,-7.3457694,-3.703595
A_46.wav,-12.251119,1.6620761,0.450414
A_856.wav,10.887223,8.697859,-1.4310105
A_640.wav,7.64118,-9.178751,-4.7328343
A_354.wav,-10.365855,-1.7236704,2.1040602
A_1023.wav,12.40285,-1.1583767,-3.6453886
A_477.wav,-4.424544,-8.620777,3.632934
A_227.wav,-14.235492,-1.2838736,1.9181684
A_1534.wav,-15.711312,-0.32802048,1.7985253
A_344.wav,-12.068563,-3.4634035,2.8130476
A_820.wav,-4.416396,6.416452,9.328003
A_948.wav,10.867983,9.643997,-2.9961908
A_1445.wav,1.9512256,8.946785,4.4763155
A_535.wav,-1.0293998,5.635014,8.367722
A_1446.wav,4.9555473,-10.491409,-4.9736166
A_1412.wav,0.27218115,11.195537,0.92844707
A_1558.wav,6.6391582,6.3929324,-1.3596163
A_1546.wav,0.4268646,-4.164904,-3.4985247
A_1545.wav,2.9806445,13.074543,-3.5787222
A_943.wav,5.6721263,8.761925,-2.7311726
A_20.wav,-10.775382,0.44954097,0.54279757
A_1361.wav,7.0751896,1.4551325,-3.0619519
A_764.wav,-1.783761,13.276477,-1.2344905
A_1566.wav,-0.13531817,9.889661,0.6513102
A_739.wav,11.976493,3.6904113,-3.0406232
A_1056.wav,10.57512,2.2070594,-1.0102875
A_955.wav,10.178152,10.609673,-3.3102736
A_25.wav,-14.323596,0.3662179,1.3638123
A_1014.wav,-5.6633716,-5.902915,2.0066788
A_811.wav,1.4467092,8.967744,4.701348
A_1584.wav,-0.30932617,6.584174,8.051071
A_704.wav,11.378094,5.569751,-3.5461774
A_1069.wav,8.735673,10.04007,-3.439231
A_545.wav,5.239092,-7.7841806,-3.2134016
A_939.wav,7.9650235,4.701207,-2.3669314
A_1655.wav,5.3074536,12.360461,-2.7533543
A_212.wav,-9.557501,-4.807464,-0.15789865
A_167.wav,-3.6750147,-10.882077,2.6068814
A_1233.wav,9.272887,4.1378655,-0.86437523
A_891.wav,7.528735,5.2950344,-2.5265222
A_605.wav,1.0187906,-13.722662,-1.8420066
A_1059.wav,-6.2023664,10.309207,7.468931
A_749.wav,1.0112253,10.471874,-2.3798733
A_1363.wav,4.840735,4.932201,0.7194751
A_1619.wav,-8.243041,-5.2900476,1.0065453
A_1182.wav,-3.1045911,-5.0383496,-1.5651988
A_1676.wav,-3.5670364,-3.6522112,0.9737126
A_1601.wav,2.874779,-5.020983,-2.8988183
A_1080.wav,0.62252635,13.609225,-0.6687307
A_673.wav,1.6982753,12.023502,-3.7480912
A_382.wav,-2.3975136,-5.956299,-2.6063995
A_1377.wav,10.958792,7.935575,-2.3727868
A_1627.wav,8.595425,-0.87100816,-4.7362866
A_623.wav,7.244842,-11.570784,-4.564153
A_1163.wav,-11.524086,-1.4352707,1.3007522
A_962.wav,10.926487,4.932759,0.005289141
A_743.wav,1.5237936,-12.569767,0.4434695
A_241.wav,3.22896,-8.235565,-5.2770505
A_516.wav,-3.131218,8.269296,7.995363
A_792.wav,1.7729919,9.33791,1.7280395
A_1287.wav,3.1157818,-14.0166645,-2.467949
A_1539.wav,-5.487439,9.390599,7.4742775
A_976.wav,-4.8539867,10.379844,6.6828175
A_442.wav,7.2821813,-5.5497904,-6.7052345
A_1424.wav,5.196662,12.892614,-1.8568885
A_1299.wav,-4.220289,10.375182,6.18447
A_581.wav,10.063159,-3.4747853,-5.6623015
A_819.wav,-5.0391364,-2.6966891,2.0358331
A_1647.wav,-6.3327575,-4.5966454,0.32021117
A_1138.wav,-14.278673,-4.5266004,2.3536458
A_1249.wav,4.8872476,-11.424163,-3.82229
A_1527.wav,7.522714,-6.207037,-6.7270336
A_960.wav,-13.690394,-0.7990794,1.7980455
A_307.wav,-6.1765685,-8.984605,-0.2569542
A_965.wav,-10.843672,1.6635481,0.2411773
A_68.wav,-1.3685948,-9.177686,2.1402123
A_1282.wav,2.4621146,-5.2816443,-3.8379745
A_996.wav,8.738526,10.534111,-2.5989375
A_1159.wav,-9.252037,-7.186617,0.6089149
A_302.wav,10.42623,5.127042,-0.33845392
A_39.wav,-14.098523,-2.2897556,2.6215549
A_1244.wav,5.694393,4.9520245,3.704073
A_1337.wav,4.290245,-2.9927506,-6.801606
A_303.wav,6.556035,8.177408,2.2425973
A_1713.wav,-12.63251,-4.6605277,2.2926533
A_876.wav,4.1207438,13.291295,-2.8240433
A_1055.wav,-5.4162498,10.415241,6.746263
A_476.wav,4.91357,-2.5070288,-6.2879844
A_824.wav,6.4935646,-2.4683902,-5.921492
A_299.wav,-12.758402,-3.6468785,3.321621
A_1656.wav,-0.709664,6.779478,8.086105
A_287.wav,-15.947587,-3.2778537,2.7594602
A_871.wav,3.281828,10.310138,0.46180725
A_1133.wav,-8.382736,-7.3973403,1.907223
A_1672.wav,1.9147984,6.778653,3.9644446
A_1239.wav,-6.206472,-9.069717,-0.58070344
A_827.wav,7.7196064,-2.3842897,-5.856031
A_1066.wav,-2.776023,-11.239857,1.2072055
A_1770.wav,0.08483635,13.347326,-0.753102
A_487.wav,1.5270251,-7.645426,0.3279431
A_1243.wav,1.6402498,-4.6168513,-4.5639577
A_298.wav,-6.334548,-9.209638,-0.60727227
A_1759.wav,-12.625365,-1.3403325,2.1674163
A_1717.wav,-14.751671,-4.97355,3.5081327
A_551.wav,-2.6916966,12.216134,4.600945
A_1745.wav,-8.908758,-5.355065,-0.3468799
A_45.wav,1.7146308,-0.90955573,-4.645577
A_589.wav,5.31306,9.14477,-1.5026853
A_794.wav,-2.2964594,6.6524534,7.823238
A_751.wav,5.1288023,10.235859,-2.3171093
A_1148.wav,-14.065248,-3.0663118,1.9607695
A_830.wav,-1.0419593,8.577003,3.3591397
A_956.wav,9.75051,2.057233,-2.3241675
A_1560.wav,10.27616,1.7603036,-1.3618219
A_1313.wav,-4.510399,12.873514,4.1521177
A_224.wav,-6.1405187,-10.343017,-0.6784903
A_579.wav,3.1990607,10.713855,2.9585464
A_985.wav,9.908465,5.298453,1.3930665
A_773.wav,-0.9971891,-6.249026,-1.7215474
A_1072.wav,0.26802173,12.423212,2.2108524
A_29.wav,-14.210054,2.7555656,0.04115987
A_1245.wav,9.557025,2.4447346,-1.3640796
A_511.wav,5.9566746,-7.9125824,-3.2323844
A_192.wav,3.1855652,-6.548913,-6.2697544
A_799.wav,6.0904555,7.7870145,-0.9789948
A_359.wav,-6.69505,-4.989081,0.39572346
A_1176.wav,-10.458634,-8.171713,2.6410987
A_920.wav,5.1097555,8.133523,1.3573495
A_1724.wav,-4.167888,-5.196655,-1.4094203
A_689.wav,6.87005,-10.898027,-4.444006
A_475.wav,0.5780431,-8.923731,-0.31087667
A_230.wav,-12.8708315,-1.0581459,1.55374
A_1616.wav,-7.9599957,-0.9407072,0.37473404
A_1633.wav,4.8281126,11.1813345,-1.3271159
A_126.wav,-8.438819,-5.8353996,1.6477976
A_23.wav,-12.34117,-0.48067147,0.9870182
A_903.wav,-0.90786064,13.531701,-2.0362983
A_644.wav,12.415775,7.7956386,-2.9054081
A_252.wav,2.7413082,13.532348,-2.88939
A_1602.wav,1.8876302,-10.963294,-3.241622
A_398.wav,-6.0488505,-11.34058,-0.07919115
A_1474.wav,2.0718653,-2.6029475,-4.0706286
A_631.wav,1.3224082,-4.591778,-6.067392
A_642.wav,3.7909968,13.412058,-2.9511068
A_1253.wav,5.4119,8.013693,0.6814358
A_1110.wav,1.7042195,-7.3914113,-0.5302982
A_115.wav,2.220069,-11.202901,-2.1973827
A_1456.wav,2.743543,10.18317,-1.382867
A_886.wav,2.8134022,5.7668304,3.0124295
A_274.wav,-5.617556,-1.5929722,0.111073375
A_1523.wav,5.741315,9.062888,-1.3023719
A_485.wav,9.719329,9.913412,-0.082825474
A_789.wav,0.7230458,9.719445,-0.33431032
A_301.wav,12.9780035,0.43342507,-2.8165321
A_774.wav,5.1819277,-6.987461,-6.282424
A_1002.wav,-4.385174,9.069698,7.428978
A_326.wav,0.7601402,-6.334156,-2.3206344
A_1528.wav,-10.115512,-4.242082,3.6219375
A_1205.wav,1.906682,13.414439,-3.5007713
A_414.wav,2.3263514,-1.9758414,-6.1982465
A_480.wav,3.7268212,-3.6699793,-5.1198025
A_1101.wav,-16.151392,-5.7143025,3.2951202
A_1564.wav,12.757581,4.154072,-1.4722931
A_1718.wav,-16.194859,0.036160816,1.6360487
A_645.wav,1.4984151,6.8255033,2.9002905
A_1657.wav,-5.605207,11.91508,5.4296913
A_391.wav,-11.199113,-3.6259468,2.0244837
A_123.wav,-5.074784,-9.057804,4.191423
A_554.wav,12.242505,5.095115,-2.8506372
A_573.wav,13.667616,0.56748575,-3.020078
A_73.wav,-10.37942,0.42571035,1.497324
A_1393.wav,12.035158,7.1938195,-2.4063866
A_726.wav,7.6940217,-8.2816515,-5.33093
A_1359.wav,-1.4451675,10.536312,6.08703
A_1536.wav,-8.617364,-2.386696,3.6017964
A_710.wav,8.297298,4.592846,-2.8856387
A_1115.wav,-16.057962,-4.025209,3.085447
A_67.wav,-1.321614,-4.42823,0.24320842
A_785.wav,-1.9051917,14.328551,-0.04046102
A_1284.wav,9.662334,10.262774,-2.3922095
A_1251.wav,-5.387752,-6.8061438,0.10982693
A_80.wav,-6.264227,-2.8030815,0.09918136
A_836.wav,2.7944202,-14.011897,-2.3247874
A_629.wav,10.839437,5.4916525,-3.5312886
A_793.wav,-4.0901856,11.622558,5.2975326
A_1357.wav,1.5886807,12.602935,1.8399528
A_946.wav,12.957349,-3.683299,-5.3156776
A_1294.wav,10.850715,-4.1822176,-4.569181
A_1690.wav,-4.983653,-3.07941,2.0601904
A_550.wav,5.186522,13.527209,-1.7091789
A_1276.wav,-7.7728105,-2.5156374,1.8432347
A_1216.wav,12.902997,5.033401,-2.0730178
A_1154.wav,-11.39046,-9.641682,2.3080254
A_815.wav,1.442732,10.849901,-0.8115154
A_841.wav,6.2137427,10.755708,-2.5000434
A_1756.wav,-7.135571,-7.324391,1.7572049
A_1114.wav,-16.180641,-5.2241187,3.3224945
A_283.wav,-6.478585,-12.419216,1.0235348
A_1704.wav,-2.1316922,-3.9830184,-1.0260845
A_1166.wav,-10.96588,-7.562523,1.3232185
A_1010.wav,-9.7269,-9.934013,3.6492841
A_714.wav,5.8491116,-10.90434,-4.7038364
A_1279.wav,1.4542534,13.833852,-2.5291734
A_1593.wav,-3.54239,8.619407,8.28293
A_663.wav,5.2480307,-7.723479,-3.3268018
A_494.wav,6.31437,-2.45889,-6.291853
A_108.wav,-11.942543,-2.795237,1.3888296
A_1551.wav,-2.6397028,5.9821677,8.624742
A_342.wav,-15.324293,-4.2257576,2.652099
A_1000.wav,3.84213,10.270559,2.6345348
A_1579.wav,-7.0404625,10.515829,7.0841613
A_438.wav,5.3520465,9.200201,-1.4588224
A_1476.wav,-6.2513094,-6.2144833,2.3472707
A_82.wav,-3.0580447,-6.7688456,2.5589511
A_1041.wav,1.5079794,8.579402,-1.6616918
A_90.wav,0.6440991,-10.5229435,-3.1899848
A_519.wav,-4.91083,6.126425,9.717579
A_406.wav,-12.636728,-0.18032686,2.0130498
A_650.wav,-4.17115,12.006144,4.229492
A_586.wav,7.286696,-11.047027,-4.4315248
A_548.wav,-4.852284,5.986635,9.726473
A_1358.wav,6.1457705,0.5669772,-5.1824365
A_37.wav,-11.7557745,2.5451875,-0.28357726
A_353.wav,-11.006211,-2.9610388,1.3455536
A_683.wav,0.017304324,12.079055,2.3788848
A_1515.wav,-4.3652983,-3.3779292,-0.7013616
A_1048.wav,11.024553,-1.5742711,-2.9968507
A_1058.wav,-4.7846613,12.023511,4.9326625
A_804.wav,3.9892254,-8.274863,-4.380123
A_1250.wav,-6.396863,6.8833437,9.398309
A_1562.wav,-0.8381279,5.6778455,8.844537
A_758.wav,1.4708443,-12.741717,-0.9750862
A_95.wav,1.9322138,-1.1092235,-4.684152
A_532.wav,-1.5645328,12.254784,5.064625
A_1472.wav,4.6111817,-6.734899,-6.3263264
A_1230.wav,9.84628,4.349418,-0.7889931
A_1285.wav,12.775517,-1.7542567,-3.5217214
A_270.wav,-1.10883,-12.812509,0.30387458
A_1590.wav,2.5831826,6.227108,2.4559562
A_677.wav,10.558819,5.878049,-3.7046962
A_88.wav,13.391496,-0.25749263,-1.9452333
A_217.wav,1.9725556,-13.662205,-2.1251285
A_1174.wav,-16.254328,0.13295063,1.5952213
A_1355.wav,-4.2252197,8.504963,8.719989
A_390.wav,-6.618397,-7.2037845,-0.9750313
A_741.wav,8.651371,-1.7469398,-5.6512914
A_543.wav,-1.7754731,14.572834,1.4779482
A_1172.wav,-4.3674374,-3.1754358,-0.052088004
A_941.wav,12.259238,3.1612537,-3.0643785
A_2.wav,-3.3685997,-8.296032,2.3672345
A_1053.wav,-1.47554,13.667131,-0.49163532
A_1003.wav,0.35681796,12.473569,2.3550766
A_809.wav,2.8272243,10.695738,2.118135
A_1686.wav,11.515767,0.0948926,-2.512631
A_619.wav,7.0086665,-2.633514,-6.163462
A_500.wav,3.9472535,13.339381,-2.5728905
A_1117.wav,-15.928053,-4.313396,3.0334659
A_104.wav,10.873575,-4.1845083,-4.598689
A_1325.wav,10.221871,3.8501115,0.63849586
A_1283.wav,4.43212,-7.0948715,-3.9521728
A_693.wav,-3.259221,-7.191253,-2.4734423
A_436.wav,5.4375873,-3.2502177,-6.4819136
A_1750.wav,-6.957296,-12.037861,1.550786
A_518.wav,-4.2115555,13.618714,2.928155
A_1083.wav,-0.97577107,8.668743,5.4926224
A_439.wav,-1.4306716,-11.727566,1.5006579
A_567.wav,-12.549279,-4.3917027,3.4474025
A_1716.wav,-8.261593,-9.763169,0.32527828
A_465.wav,4.4230146,-11.959346,-3.536237
A_1001.wav,1.5773519,7.175231,4.2108893
A_1226.wav,-0.18604587,12.827147,-2.500785
A_105.wav,1.2655383,-10.7048435,-4.3751817
A_373.wav,-2.846589,-5.974537,-0.21795039
A_1748.wav,9.70259,4.3340325,-0.93772954
A_1256.wav,6.0191493,10.429073,-3.0167727
A_1231.wav,8.866414,10.362747,-3.4565864
A_1388.wav,9.149624,10.190791,-1.1515617
A_1198.wav,7.2209644,-3.130763,-6.432391
A_1341.wav,-4.603462,-11.143157,-0.8590694
A_1307.wav,-4.8034515,13.650873,2.802737
A_1463.wav,-4.434474,-9.255989,3.4545658
A_709.wav,5.9122133,9.029072,-3.2109623
A_1765.wav,2.4017367,-7.3197365,-2.592576
A_695.wav,2.29971,-9.434064,-0.21737383
A_1315.wav,-4.3550396,10.283149,6.728622
A_1479.wav,-11.141967,-2.695869,2.7516165
A_158.wav,4.031361,-12.035829,-3.4481728
A_116.wav,6.2702603,-7.080709,-7.1644893
A_546.wav,-2.9717822,13.667105,1.9774123
A_1149.wav,-15.658684,-5.232136,3.0394905
A_454.wav,-2.7282476,-3.1928859,-0.70926696
A_327.wav,5.677875,-11.763052,-5.0425825
A_818.wav,0.4973971,12.068933,4.445917
A_1274.wav,-2.0583508,11.97471,4.379925
A_1203.wav,1.3100255,13.643135,-1.8568393
A_592.wav,-2.2634764,6.1676493,8.378647
A_1461.wav,-13.019579,-3.9844506,0.94308794
A_913.wav,4.8801007,5.3865385,1.4696988
A_660.wav,10.382177,-0.65310574,-4.2356443
A_60.wav,-11.123903,1.5309242,0.3091637
A_188.wav,8.007862,4.3571243,-0.9200179
A_942.wav,12.81578,-1.3729155,-3.8272486
A_456.wav,-5.7492323,-13.744374,2.2131548
A_1126.wav,-8.094919,-10.268159,2.315938
A_1576.wav,0.6282499,13.935492,-2.9294522
A_1165.wav,-8.234385,-5.9975266,0.08698618
A_638.wav,3.2618377,8.221368,-0.3600342
A_1016.wav,13.369467,-1.9527991,-4.4520836
A_1731.wav,-9.975077,-4.9491844,-0.25778785
A_587.wav,8.955575,9.241831,-3.8892758
A_1376.wav,9.201997,8.403634,-0.9741821
A_1464.wav,-12.852153,-0.38757125,1.4448304
A_1434.wav,-1.4053879,9.780718,5.9436197
A_725.wav,13.786237,-0.122717686,-3.4793615
A_1334.wav,4.69389,-4.6837573,-6.8775287
A_1349.wav,-0.8008361,13.408385,3.562391
A_929.wav,0.2852849,12.023493,-3.167112
A_309.wav,11.789592,-0.9933341,-2.3366783
A_1758.wav,-9.550068,-2.0396895,0.9109352
A_399.wav,-8.026576,-10.245061,2.3176143
A_1204.wav,14.22587,-1.04425,-3.9110956
A_109.wav,-6.738017,-7.561679,2.4476385
A_1599.wav,-2.554872,-10.8621,1.7538621
A_1060.wav,-6.48613,9.913191,7.528874
A_796.wav,-4.5986686,7.1100235,7.4689903
A_1673.wav,-9.376602,-0.9534964,1.2907453
A_47.wav,-8.626516,1.5144687,-0.68319005
A_995.wav,10.301169,3.8850868,0.06078238
A_999.wav,-2.1202407,9.197561,5.1421113
A_738.wav,5.929947,-11.3031845,-4.2234416
A_1663.wav,-5.4550576,9.555285,7.2582607
A_1375.wav,8.403878,9.45054,-4.075909
A_1129.wav,-10.328262,-5.6742373,0.7131585
A_1588.wav,4.2654314,8.7150545,-1.7263943
A_595.wav,8.111934,9.184509,-4.025447
A_1692.wav,5.2027273,8.246732,1.3187256
A_1519.wav,6.101849,7.619215,-0.63542515
A_1391.wav,-4.731524,-8.376375,-0.3417104
A_562.wav,0.49683967,10.552866,-0.24259003
A_633.wav,-2.0951576,13.196993,-1.3770549
A_1184.wav,0.8835633,10.792792,-1.240168
A_831.wav,10.082138,-0.438698,-3.488478
A_1681.wav,8.593224,-0.9748053,-3.7315226
A_86.wav,3.2046711,-7.350982,-5.432335
A_1592.wav,-3.5272398,5.11812,10.219127
A_1597.wav,0.9857152,-0.990419,-3.9373295
A_1320.wav,-5.1592836,8.27176,8.450317
A_1511.wav,6.2875824,8.376788,2.213987
A_318.wav,-4.958242,-2.8185549,-0.9729831
A_959.wav,-10.735248,-6.1489887,-0.44034904
A_198.wav,-6.8226705,-8.296668,2.3083975
A_514.wav,-5.0382147,-3.071476,2.300013
A_1004.wav,2.2627866,9.487356,1.7970314
A_1222.wav,7.33359,-6.436008,-6.1696477
A_1270.wav,2.3848364,-13.929533,-2.1913178
A_1070.wav,10.920725,4.626544,-0.4835092
A_885.wav,1.8103418,6.652272,2.3153334
A_1155.wav,-12.871499,-8.237383,3.2555525
A_264.wav,1.8180536,-9.809456,-2.4955113
A_900.wav,9.9601965,5.9945,-3.4792788
A_1585.wav,4.1427264,12.292746,-1.3801608
A_350.wav,1.3230376,-2.131179,-2.7349162
A_243.wav,-6.925207,-6.825004,3.841739
A_1309.wav,-1.8676715,14.491367,0.050760753
A_497.wav,-12.381413,-4.3289266,3.2595012
A_984.wav,3.8316462,-6.1185217,-5.987389
A_117.wav,-0.67205274,-5.734081,-0.17926085
A_843.wav,-0.38235348,13.652195,-1.2760432
A_1237.wav,-6.7161303,-9.269118,-1.3156804
A_161.wav,-3.2146828,-11.532663,2.5054307
A_963.wav,5.201211,-12.027107,-4.089253
A_204.wav,0.91953176,-7.6506486,-2.1284957
A_1118.wav,-13.620412,-3.234691,2.26602
A_56.wav,-10.625027,0.7962283,0.3495912
A_618.wav,1.820719,-13.243809,0.15494382
A_528.wav,0.30933276,13.192326,-0.24322022
A_612.wav,4.961206,-3.2186418,-6.385803
A_366.wav,-7.209297,-10.586807,-0.0063742395
A_983.wav,-0.40059593,11.979584,0.9546535
A_470.wav,-4.113784,-8.932242,-1.4837042
A_235.wav,7.39359,-7.7801948,-4.7396746
A_347.wav,2.2839437,-2.557498,-3.765661
A_887.wav,-1.0210109,7.943655,4.168744
A_1689.wav,-13.903304,-5.088283,3.5662715
A_828.wav,14.164939,-0.38837954,-3.4540734
A_712.wav,5.2956324,-10.827015,-4.620129
A_1761.wav,-2.1749692,-7.922963,-0.19184078
A_569.wav,-1.2177594,4.9054637,8.840745
A_1421.wav,5.1315084,13.410827,-1.7391632
A_387.wav,8.431746,3.7994707,-2.3578026
A_626.wav,12.343881,7.9878464,-2.6515946
A_369.wav,-10.51116,-5.7966566,-0.1435387
A_1706.wav,-8.150814,-10.071707,0.21545391
A_75.wav,6.750147,-3.8029315,-7.0681596
A_1040.wav,-4.657179,-9.404702,-0.59772676
A_759.wav,5.0012116,9.080778,-1.5905037
A_1354.wav,-6.06232,10.164771,8.370477
A_1431.wav,-3.4824994,5.816808,9.587564
A_1051.wav,9.988098,3.0325887,-0.23243487
A_469.wav,1.3511189,-8.773975,-2.2537582
A_4.wav,9.3603525,-0.18565494,-3.2714107
A_559.wav,4.32263,10.714622,3.0213819
A_541.wav,7.860333,8.76917,-3.4695175
A_1027.wav,1.2084962,11.58493,3.0659752
A_1308.wav,-0.6074653,6.3541255,7.633375
A_692.wav,6.0291195,-7.804558,-3.4403098
A_282.wav,-10.371927,-2.9694564,2.862116
A_521.wav,1.8238127,7.5329213,2.7882724
A_1722.wav,-3.9077687,-6.9135222,-2.2911406
A_1742.wav,-6.145445,-8.521639,-1.6734058
A_1565.wav,-3.5110416,8.813212,8.232606
A_593.wav,4.908155,11.224364,-1.8062915
A_802.wav,12.208802,-1.1035146,-3.5639431
A_40.wav,-14.455412,1.9222157,0.56313986
A_1661.wav,2.774678,10.138712,-1.2483647
A_1102.wav,-15.27138,-5.234094,2.9118114
A_655.wav,-2.0253448,11.427021,3.227186
A_1450.wav,8.882996,9.903324,-0.84435445
A_182.wav,-5.104029,12.491362,4.3218
A_951.wav,13.096369,-3.1286905,-5.236628
A_1286.wav,7.5092106,-7.8671527,-4.825992
A_1485.wav,9.1175585,-0.7130652,-3.6101835
A_1483.wav,3.8916779,-6.6221247,-5.8874803
A_11.wav,4.894326,-0.090687945,-6.322827
A_1733.wav,2.9033265,-3.7583885,-2.5912542
A_795.wav,-3.803313,5.0126767,10.372634
A_1416.wav,5.9894867,-3.8434193,-6.986806
A_1351.wav,6.3745294,-1.6963692,-6.305779
A_376.wav,2.4295743,-6.13791,-0.8199414
A_1306.wav,-2.1968405,13.524544,3.5129037
A_1119.wav,-7.015496,-10.997408,0.11415648
A_1398.wav,0.42365846,13.746687,-0.45816064
A_1422.wav,0.62786704,-4.4206724,-4.251692
A_1369.wav,2.3682134,-2.277751,-6.103616
A_221.wav,-13.859217,2.3682404,0.08774547
A_1340.wav,-3.880379,-3.2683895,0.18430272
A_482.wav,-2.82721,-3.7830374,1.0618252
A_1206.wav,9.281688,2.6491568,-2.3986883
A_49.wav,-10.80309,2.2097256,-0.1928746
A_772.wav,9.178753,8.112544,-3.7033682
A_1624.wav,9.813373,9.772677,-0.2300587
A_281.wav,-10.550206,-5.2447886,0.3531487
A_1043.wav,10.498203,4.4927907,-2.370677
A_1191.wav,-10.250721,-2.7790194,1.170936
A_38.wav,-10.918987,2.8529015,-0.7291081
A_346.wav,-9.28614,-8.318576,1.1990987
A_89.wav,5.609242,-10.558203,-6.068267
A_127.wav,-12.860277,-3.9848788,1.0072006
A_715.wav,-1.9835869,11.831076,4.308136
A_647.wav,-7.020884,10.1127,7.425197
A_916.wav,12.848847,-2.8992083,-5.300067
A_1489.wav,4.718853,-6.370622,-6.754949
A_1598.wav,-1.3871853,7.7451105,8.044269
A_777.wav,5.208989,10.299607,-3.459104
A_906.wav,-3.8622391,10.370631,5.250936
A_1542.wav,9.450021,4.445198,-1.9478111
A_1559.wav,3.9528136,5.585049,3.095433
A_1703.wav,-7.8404026,-8.955662,1.5350196
A_721.wav,1.1864753,10.93623,1.6148436
A_351.wav,-9.498629,-4.837551,3.044617
A_572.wav,-1.350352,8.326785,7.736853
A_1764.wav,-4.579298,-10.000047,3.1398818
A_1049.wav,-7.2299876,10.207703,7.3252697
A_839.wav,5.7100573,10.630407,-2.8320754
A_1296.wav,-2.9025102,10.679468,6.303814
A_424.wav,-6.0970416,-8.984336,1.5633637
A_971.wav,10.916606,2.1071002,-0.53644747
A_1614.wav,-3.8012822,13.580707,2.6807368
A_408.wav,-14.244074,-2.959511,2.7251444
A_1302.wav,-3.0328047,7.8911877,7.6933193
A_1636.wav,-2.5406313,8.930915,7.697588
A_1225.wav,-0.8024519,12.015541,4.5747337
A_1481.wav,-3.999378,13.815532,1.2633398
A_729.wav,-9.323497,-3.280465,3.269116
A_410.wav,4.681626,-3.465742,-6.53683
A_1432.wav,5.6446133,0.46517763,-5.045134
A_208.wav,-2.058749,-8.38421,0.57447475
A_171.wav,-9.653281,-3.9957407,3.527589
A_1106.wav,-12.188936,-4.4660845,4.342414
A_879.wav,3.3509657,10.466534,0.21903588
A_786.wav,-4.180216,7.3512206,6.6087084
A_1594.wav,1.5696452,-1.5121219,-4.4038005
A_1079.wav,-6.741116,-7.57474,3.4458313
A_1451.wav,-8.859628,-1.4521468,1.3293427
A_170.wav,3.8253558,-6.1489687,-5.9142447
A_474.wav,-0.7107113,-11.405266,0.21743484
A_112.wav,3.9959197,-7.057824,-6.6718717
A_1709.wav,-13.3454485,-2.5311623,1.8220384
A_1428.wav,-2.034467,5.3755784,9.059791
A_510.wav,0.5201765,-2.6354468,-2.2167943
A_1036.wav,-4.7831707,5.2519016,10.430275
A_491.wav,-12.538257,-9.270135,3.380569
A_110.wav,-1.95669,-12.107814,1.9371302
A_905.wav,0.509655,-1.5971993,-2.685718
A_713.wav,5.8161426,10.838492,-3.8935401
A_358.wav,-14.434733,-4.94124,3.656079
A_671.wav,-3.2501512,13.48691,1.5697467
A_1303.wav,9.479944,8.865061,-0.592554
A_1617.wav,-8.250897,-5.7152863,1.4805691
A_1362.wav,1.821404,9.309903,4.266187
A_332.wav,-1.0981803,13.076133,-1.6644067
A_722.wav,-0.87258786,12.723624,-1.6997762
A_1714.wav,-9.557774,-6.194064,-0.24686557
A_1218.wav,10.925182,4.4223704,-0.47356617
A_848.wav,9.658915,4.9589987,1.2556034
A_1382.wav,-7.598462,-1.4609393,0.18205544
A_279.wav,-14.864785,-4.7892413,2.7048492
A_1553.wav,1.7572265,8.444941,2.1572526
A_851.wav,10.353325,9.178266,-1.8475883
A_1214.wav,-8.250279,-2.7508712,2.638167
A_776.wav,-10.466772,-2.7115052,2.8209784
A_1122.wav,-11.520101,-7.4293113,2.1576517
A_1192.wav,-12.608001,-9.2139015,2.8976707
A_731.wav,1.13277,10.597027,-2.5289001
A_388.wav,1.145452,-8.659454,-1.0338358
A_583.wav,-5.845031,-13.728508,2.2530336
A_1092.wav,-1.7718614,14.156623,-0.39270228
A_69.wav,-2.025672,-10.407315,2.2230816
A_978.wav,-0.05046988,10.73788,2.5498712
A_1090.wav,8.9633875,-0.83835554,-3.6198235
A_173.wav,-11.368523,-4.7022014,4.482996
A_1622.wav,2.9371133,-9.982927,-5.060703
A_602.wav,12.670728,-2.2825463,-2.967138
A_1096.wav,-1.6373377,8.658784,5.2059865
A_1145.wav,-9.784459,-6.5559344,2.6608958
A_128.wav,-12.962126,-5.916217,3.1224465
A_998.wav,10.70062,9.00712,-2.9917703
A_1532.wav,2.6734676,-0.5802548,-5.9447503
A_1680.wav,-2.0987787,-3.4919076,-0.28885195
A_756.wav,1.6931258,13.430768,-3.2483377
A_934.wav,4.2454643,-0.4799816,-6.260122
A_1134.wav,-12.94068,-8.612571,3.5139751
A_1160.wav,-7.6086264,-7.721826,1.7441657
A_524.wav,2.2624333,-10.540416,0.30139732
A_1444.wav,7.145535,6.005463,0.45517746
A_837.wav,9.412436,-2.5983982,-5.455663
A_784.wav,11.773689,5.245814,-2.942266
A_1677.wav,2.6930873,-1.0504276,-4.774909
A_419.wav,1.9021102,-3.313566,-4.988735
A_1760.wav,-6.5759726,-11.428662,0.7234783
A_566.wav,13.025275,5.4756837,-2.051652
A_18.wav,-14.449975,2.7335267,0.10086373
A_1475.wav,-5.095823,-12.193326,1.5404701
A_83.wav,-2.031179,-5.0144567,0.25390702
A_505.wav,-6.416272,-8.339347,-0.44029146
A_176.wav,6.8106594,6.6711807,0.3971638
A_213.wav,-8.832749,-3.312861,1.7298601
A_1530.wav,9.899103,5.350418,1.2430732
A_608.wav,-1.0731463,13.720502,-2.0319219
A_775.wav,8.775785,6.9157205,0.5976317
A_1130.wav,10.245444,9.338782,-1.6532737
A_1645.wav,-0.21139568,-9.927993,-0.47558007
A_372.wav,-10.313385,-5.341843,0.3709055
A_1462.wav,-2.0131218,-8.611484,1.3834616
A_383.wav,13.344748,-0.2197112,-2.3910787
A_805.wav,10.6122875,5.2903647,-0.8517827
A_197.wav,-6.8373103,-12.808248,2.1157873
A_488.wav,-12.487923,-1.4118621,1.1279279
A_1533.wav,-2.4017649,-4.2018285,-0.93020314
A_435.wav,2.8451953,9.57387,-1.7697397
A_1668.wav,7.8298345,4.925153,-0.7996449
A_290.wav,-12.036863,-7.312534,1.268435
A_111.wav,3.9305434,-3.1733177,-7.112648
A_718.wav,4.999446,-10.38995,-4.7694244
A_461.wav,0.9219199,-5.6874943,-2.1576145
A_507.wav,1.5840969,-12.358714,0.6772738
A_1384.wav,3.0734444,-10.719312,-3.0734932
A_682.wav,7.2098355,-12.058272,-4.4412475
A_1005.wav,1.723246,8.369945,-1.3459219
A_1513.wav,-0.14477582,11.826319,1.4620252
A_561.wav,-5.3361964,7.101703,9.179629
A_1261.wav,-11.072419,-8.754041,0.94479513
A_177.wav,6.6596417,8.10219,2.32977
A_1650.wav,10.140081,5.8410907,-0.93799794
A_181.wav,-6.395175,-4.182173,2.6318865
A_614.wav,1.623352,-10.530654,-0.7358429
A_1404.wav,3.1590314,10.332513,-0.8152893
A_168.wav,1.8939538,-10.74308,-2.3690557
A_1675.wav,4.5438786,-3.488516,-6.4916086
A_993.wav,11.662981,5.345793,-0.84512204
A_1737.wav,-6.5825644,-8.2672205,1.7445818
A_568.wav,5.247174,-6.7160425,-7.9609566
A_1658.wav,5.814092,8.583682,2.200955
A_1426.wav,-3.1820297,-3.052111,0.9556554
A_917.wav,-3.6495507,13.475043,1.7024018
A_1491.wav,12.851526,-1.796194,-2.3567636
A_1501.wav,-4.014886,6.6252227,9.399119
A_1407.wav,8.304865,-0.47043028,-3.7774415
A_107.wav,-11.830349,-2.7719069,4.336824
A_1766.wav,-7.703496,-4.9692764,0.28268766
A_705.wav,13.471402,-2.2295227,-4.86359
A_1323.wav,-5.1999974,6.15903,10.198777
A_53.wav,-13.041217,1.6323446,0.4905718
A_855.wav,5.8150406,-12.523148,-4.162779
A_1050.wav,-5.450947,8.996665,7.8751903
A_1405.wav,10.224974,-3.75768,-5.3317785
A_133.wav,-2.0236902,-4.055747,0.94865364
A_875.wav,2.5342262,6.12909,2.538905
A_1611.wav,9.1717,9.028377,-0.76265
A_1109.wav,4.2863407,-7.1764793,-3.8590848
A_1188.wav,7.7875075,-5.65634,-6.4663644
A_1301.wav,-6.2153883,10.226522,8.050163
A_26.wav,-15.1475725,0.98151094,1.0443592
A_1417.wav,8.851924,8.961347,-4.0191708
A_14.wav,-8.358557,2.025923,-1.0634711
A_803.wav,5.5412917,8.140992,0.5706048
A_317.wav,5.022342,-7.6996546,-2.5358539
A_1.wav,-8.135287,-5.9890623,2.6150131
A_992.wav,2.9851568,11.180535,2.9970143
A_1009.wav,10.777573,2.681837,-0.23882943
A_1352.wav,-10.4185705,0.63267195,1.7507454
A_381.wav,-10.870286,-8.564404,2.4803224
A_1567.wav,9.605443,-0.27972147,-2.9443462
A_849.wav,5.9883885,-12.291198,-4.2066426
A_1194.wav,-2.4105322,-8.376425,-2.8284373
A_814.wav,2.2775917,6.0681305,3.7295575
A_1153.wav,-3.6249735,-10.000608,1.2295892
A_345.wav,3.0070791,-6.182944,-1.1913464
A_991.wav,-1.9155595,13.886128,2.5116377
A_690.wav,12.664207,6.9288945,-2.4517784
A_1073.wav,11.439576,4.8196716,-2.5422876
A_1224.wav,-2.0484972,-7.1781,0.700483
A_533.wav,0.5500326,-6.4734488,-2.0534961
A_1175.wav,-8.886918,-8.960934,1.9904276
A_31.wav,-8.520944,1.8037382,-0.8827143
A_427.wav,-6.7027555,-7.9331927,2.9433262
A_199.wav,-8.5188875,-7.433325,2.103437
A_164.wav,3.4611163,-12.010112,-3.2849739
A_1364.wav,0.4391414,10.415527,2.5089042
A_13.wav,-14.740751,1.8497692,0.5407038
A_597.wav,5.677254,9.925654,-1.894299
A_27.wav,-10.992981,2.2772598,-0.20617336
A_790.wav,1.3172771,12.0522175,2.289191
A_138.wav,-12.723024,-3.9605455,0.89897764
A_1316.wav,-6.4476943,8.703263,8.866596
A_1578.wav,-2.658593,-6.656164,1.4378419
A_1186.wav,-1.9969453,-7.7618337,-2.6589305
A_1447.wav,4.0616446,-2.2777321,-6.291788
A_973.wav,0.77996033,13.392357,-1.0697153
A_1409.wav,5.4812717,-0.69915736,-5.8578315
A_409.wav,-7.7627993,-10.102253,1.3542504
A_284.wav,-5.8403993,-7.4650354,-0.7301013
A_187.wav,12.456445,1.4351948,-1.7108958
A_1396.wav,-5.085399,-6.3869386,-0.7946646
A_195.wav,-15.229122,-1.935545,2.5410962
A_1496.wav,-2.0067203,-8.562448,0.86163217
A_401.wav,-10.753194,-6.9107885,2.1959147
A_641.wav,-9.777907,-3.7313511,3.5993843
A_968.wav,-12.374117,-4.3407927,4.540445
A_1556.wav,3.36743,4.1261587,4.167767
A_321.wav,2.0087445,-6.9198017,-2.943179
A_496.wav,2.6938565,-6.7918158,-1.004177
A_1333.wav,-5.328852,-12.554513,1.7179856
A_19.wav,-14.797407,1.892171,0.53381604
A_339.wav,5.0256763,-6.464137,-7.3929644
A_428.wav,-6.304147,-5.668297,0.124299
A_1208.wav,0.29088604,-6.461542,-1.8223852
A_236.wav,-4.6874814,-3.5019875,-1.1585231
A_61.wav,-8.739733,1.7325554,-0.76076895
A_483.wav,-1.4000907,-5.548697,0.9159566
A_1469.wav,-3.1678853,-3.0061827,0.9713974
A_1510.wav,13.469802,-0.8016562,-1.927171
A_669.wav,-0.055153567,12.917098,-1.1064489
A_1291.wav,2.6762164,9.002745,2.3950474
A_336.wav,11.008002,-3.384688,-5.20218
A_1453.wav,-6.850008,-3.9903047,2.4255543
A_1322.wav,-5.652321,6.8871326,9.684168
A_1682.wav,-5.365646,10.072986,7.0622206
A_103.wav,0.40968293,-8.202817,-0.88163227
A_1038.wav,0.9786829,6.9609556,3.2196445
A_1234.wav,11.66362,5.724361,-1.6997126
A_417.wav,9.939458,-3.225544,-5.306706
A_58.wav,-11.073187,1.4827138,0.35692316
A_1169.wav,-2.0646157,-7.1457367,2.3262794
A_970.wav,10.954263,3.5418184,-0.8608611
A_1442.wav,-5.336616,10.564497,6.7640114
A_1052.wav,1.6764922,7.2802196,2.9890234
A_247.wav,2.281587,-2.5191057,-2.9687133
A_1679.wav,9.777391,6.1959286,-2.6589718
A_574.wav,-1.70497,14.390697,1.7145503
A_215.wav,-0.8084226,-4.8572106,-0.14964508
A_1427.wav,-5.5749154,11.068643,6.4458265
A_1443.wav,4.6677313,12.452708,-2.5116038
A_1280.wav,10.275346,3.1141956,0.40744218
A_1232.wav,13.930186,0.68896204,-2.8589447
A_10.wav,-13.1588955,1.4673159,0.58811766
A_98.wav,-12.323697,-0.16118062,2.0129774
A_277.wav,-13.168614,-9.225688,4.4427443
A_590.wav,-10.955042,-4.833811,4.6340384
A_233.wav,-11.806573,-4.125446,0.56256866
A_131.wav,-6.8716846,-0.9545775,-0.19737983
A_1046.wav,3.5302591,10.239451,1.4296627
A_379.wav,3.897561,13.130242,-1.8013852
A_1047.wav,-4.477818,8.5390215,7.391781
A_1062.wav,-0.06494099,12.89579,2.6667233
A_1321.wav,-5.3819804,5.9840083,10.168928
A_1521.wav,-4.6746535,-3.3851848,0.3233705
A_862.wav,1.1346886,-8.247523,-1.2949674
A_783.wav,-1.9286227,10.588178,3.8074815
A_1139.wav,-4.2477083,-4.122398,-1.8142476
A_77.wav,1.1032901,-5.635597,-4.6948957
A_70.wav,6.051853,-6.957611,-7.026552
A_1537.wav,-4.4737062,7.4351134,6.5603075
A_291.wav,-7.042074,-9.544956,-0.987421
A_1089.wav,5.9527845,10.414378,-3.2331839
A_706.wav,2.3565454,12.754967,-3.779904
A_384.wav,9.489753,4.4991975,-1.5885808
A_430.wav,-12.592516,-9.370791,3.1757627
A_57.wav,-10.884744,2.1866305,-0.16341752
A_1241.wav,-1.729666,10.40592,5.753504
A_1410.wav,12.965736,-1.7611489,-2.3783133
A_1030.wav,-2.9979475,10.529902,5.5362954
A_1168.wav,-12.877685,-8.577806,2.873869
A_1660.wav,1.4117886,12.229877,1.3724502
A_1158.wav,-1.6690718,-8.472318,-0.4626089
A_1728.wav,-15.476956,-3.5228238,2.6935298
A_1698.wav,-4.1260023,-7.127864,1.0983864
A_1108.wav,-9.235344,-8.952119,1.666178
A_1423.wav,-1.1740859,-5.075243,1.140108
A_180.wav,2.5854616,7.8740997,4.764054
A_1752.wav,-7.687224,-5.06282,0.26676023
A_1181.wav,-15.297702,-4.774484,2.900748
A_1248.wav,-8.831735,-2.4482517,3.4207327
A_1094.wav,-12.198902,-4.656783,4.5544834
A_1674.wav,6.76321,-6.609138,-6.9474325
A_147.wav,-15.368644,1.4087853,0.83420855
A_1183.wav,0.4822695,-11.87759,-0.27276617
A_1380.wav,2.7264855,-14.01894,-2.287444
A_622.wav,3.3371572,-11.426305,-3.500018
A_910.wav,1.4015735,6.630462,4.72254
A_649.wav,-4.6841826,13.435373,2.6266837
A_1258.wav,-4.733901,-3.7415783,-1.4308078
A_246.wav,-4.0768204,-3.1906798,0.06789603
A_333.wav,5.6853404,-10.418583,-4.4170885
A_397.wav,-13.98459,-5.087362,2.0106902
A_860.wav,-5.118425,12.700424,3.245616
A_1492.wav,2.0965059,-6.309013,-3.6389737
A_416.wav,-9.3887825,-5.618744,2.7017167
A_788.wav,-0.30128917,11.714858,1.4224402
A_329.wav,9.300038,9.950904,-1.3279763
A_1275.wav,11.09066,-3.890615,-5.0472016
A_685.wav,7.502615,-11.133713,-4.479552
A_36.wav,-10.704583,2.6659198,-0.66475344
A_1494.wav,2.182962,-4.0734096,-4.640152
A_1142.wav,-13.077582,-6.844092,3.361837
A_1342.wav,-15.843454,-0.21341322,1.722472
A_509.wav,-11.278272,-2.5044174,3.1146293
A_1505.wav,-3.080421,10.681872,6.130226
A_832.wav,8.02223,4.652772,-2.4928162
A_216.wav,6.305345,-9.728114,-6.5530686
A_313.wav,1.3558346,-12.736501,-1.8705502
A_912.wav,1.4964408,6.7468133,2.3611887
A_28.wav,-8.362955,1.2351695,-0.6430371
A_667.wav,-0.45225903,7.9415674,5.91394
A_664.wav,14.098297,-1.4467185,-4.339219
A_868.wav,-5.666559,8.794638,7.9900784
A_1212.wav,7.751303,-1.7766637,-5.6103745
A_209.wav,-0.76090336,-11.717893,0.2151853
A_51.wav,5.6672287,-0.8005628,-6.374995
A_1402.wav,4.974436,5.881649,2.3205576
A_295.wav,-15.876265,-0.5359504,1.8077615
A_72.wav,0.28397182,-4.1673813,-4.1823254
A_184.wav,3.7921045,11.542969,-0.94519687
A_84.wav,-7.6132474,-0.4025271,-0.1401144
A_975.wav,-0.9356656,8.143651,8.071319
A_1394.wav,5.482713,12.282231,-3.6566453
A_708.wav,2.5162058,9.5900545,-1.3346431
A_1293.wav,-5.404686,12.450464,4.378331
A_553.wav,7.5242414,5.4740777,-1.9114053
A_1127.wav,-8.052296,-4.8408327,0.1463677
A_1150.wav,-7.243054,-12.375658,1.5772448
